o-o,o-j1,o-j5
2017 Volvo XC90 T8 Excellence (4 STR),"42,000 km  |  Petrol  |  Anna Road H O, Chennai",Rs. 70 Lakh
2018 Toyota Innova Crysta 2.8 ZX AT 7 STR [2016-2020],"65,000 km  |  Diesel  |  Saligramam South, Chennai",Rs. 22.5 Lakh
2018 Skoda Octavia 1.8 TSI L&K,"52,000 km  |  Petrol  |  Kolathur-Cpt, Chennai",Rs. 12.75 Lakh
2022 Mahindra XUV300 W6 1.2 Petrol AMT [2021],"40,000 km  |  Petrol  |  Kolathur-Cpt, Chennai",Rs. 9 Lakh
2018 Mercedes-Benz SLC 43 AMG,"8,900 km  |  Petrol  |  Alwarpet, Chennai",Rs. 57 Lakh
2016 Toyota Fortuner 2.8 4x4 AT [2016-2020],"94,000 km  |  Diesel  |  Ashok Nagar, Chennai",Rs. 25.75 Lakh
2019 Hyundai Venue SX (O) 1.0 Turbo,"90,000 km  |  Petrol  |  Kolathur-Cpt, Chennai",Rs. 7.45 Lakh
2020 Audi Q8 55 TFSI quattro,"44,800 km  |  Petrol  |  Alwarpet, Chennai",Rs. 76 Lakh
2018 Renault Kwid 1.0 RXT AMT Opt [2016-2019],"30,476 km  |  Petrol  |  Koyambedu, Chennai",Rs. 3.9 Lakh
2014 Maruti Suzuki Ertiga Vxi,"15,000 km  |  Petrol  |  Goudiyamath Road, Chennai",Rs. 6.25 Lakh
2024 Renault Triber RXZ Dual Tone [2024-2025],"15,567 km  |  Petrol  |  Koyambedu, Chennai",Rs. 8 Lakh
2024 Tata Nexon Creative 1.2 Petrol 6MT Dark Edition [2023-2025],"6,000 km  |  Petrol  |  T Nagar, Chennai",Rs. 10.2 Lakh
2019 Volkswagen Polo Trendline 1.0L (P),"35,000 km  |  Petrol  |  Goudiyamath Road, Chennai",Rs. 6.25 Lakh
2021 Maruti Suzuki Vitara Brezza VXi AT SHVS,"12,000 km  |  Petrol  |  Goudiyamath Road, Chennai",Rs. 9.1 Lakh
2019 Tata Nexon XZA Plus Diesel,"40,000 km  |  Diesel  |  Goudiyamath Road, Chennai",Rs. 8.25 Lakh
2023 Hyundai Verna SX 1.5 Petrol MT,"12,500 km  |  Petrol  |  Goudiyamath Road, Chennai",Rs. 13.25 Lakh
2023 Honda City Hybrid eHEV ZX eHEV,"46,034 km  |  Hybrid (Electric + Petrol)  |  Adyar, Chennai",Rs. 17 Lakh
2021 Volkswagen T-Roc 1.5 TSI,"25,230 km  |  Petrol  |  Adyar, Chennai",Rs. 19.75 Lakh
2023 Mercedes-Benz C-Class C 300d [2022-2023],"12,913 km  |  Diesel  |  Adyar, Chennai",Rs. 58 Lakh
2018 Hyundai Elite i20 Magna Executive 1.2,"57,091 km  |  Petrol  |  Koyambedu, Chennai",Rs. 5.5 Lakh
2018 Volkswagen Vento Highline Diesel AT [2015-2016],"86,838 km  |  Diesel  |  Koyambedu, Chennai",Rs. 8.5 Lakh
2022 Maruti Suzuki Ciaz Sigma Hybrid 1.5 [2018-2020],"88,545 km  |  Petrol  |  Koyambedu, Chennai",Rs. 7 Lakh
2017 BMW 7-Series 730d Sedan,"36,000 km  |  Diesel  |  Adyar, Chennai",Rs. 52 Lakh
2018 Mercedes-Benz C-Class C 220d,"22,300 km  |  Diesel  |  Adyar, Chennai",Rs. 34 Lakh
2015 Mercedes-Benz C-Class C 220d,"82,000 km  |  Diesel  |  Adyar, Chennai",Rs. 22 Lakh
2023 BMW i7 xDrive60,"9,500 km  |  Electric  |  Adyar, Chennai",Rs. 1.75 Crore
2023 Hyundai Alcazar Platinum 7 STR 1.5 Diesel,"65,000 km  |  Diesel  |  Adyar, Chennai",Rs. 17.5 Lakh
2018 Mercedes-Benz GLS 350 d,"48,700 km  |  Diesel  |  Adyar, Chennai",Rs. 57 Lakh
2016 BMW 7-Series 730Ld,"89,000 km  |  Diesel  |  Adyar, Chennai",Rs. 35 Lakh
2013 BMW 6-Series 640d Coupe,"63,000 km  |  Diesel  |  Adyar, Chennai",Rs. 27.5 Lakh
2019 Mercedes-Benz CLA 200 D Urban Sport,"44,900 km  |  Diesel  |  Adyar, Chennai",Rs. 27.5 Lakh
2017 Audi A6 35 TDI Matrix,"43,000 km  |  Diesel  |  Adyar, Chennai",Rs. 28 Lakh
2018 Mercedes-Benz SLC 43 AMG,"8,900 km  |  Petrol  |  Alwarpet, Chennai",Rs. 57 Lakh
2016 Toyota Fortuner 2.8 4x4 AT [2016-2020],"94,000 km  |  Diesel  |  Ashok Nagar, Chennai",Rs. 25.75 Lakh
2019 Hyundai Venue SX (O) 1.0 Turbo,"90,000 km  |  Petrol  |  Kolathur-Cpt, Chennai",Rs. 7.45 Lakh
2020 Audi Q8 55 TFSI quattro,"44,800 km  |  Petrol  |  Alwarpet, Chennai",Rs. 76 Lakh
2018 Renault Kwid 1.0 RXT AMT Opt [2016-2019],"30,476 km  |  Petrol  |  Koyambedu, Chennai",Rs. 3.9 Lakh
2014 Maruti Suzuki Ertiga Vxi,"15,000 km  |  Petrol  |  Goudiyamath Road, Chennai",Rs. 6.25 Lakh
2024 Renault Triber RXZ Dual Tone [2024-2025],"15,567 km  |  Petrol  |  Koyambedu, Chennai",Rs. 8 Lakh
2024 Tata Nexon Creative 1.2 Petrol 6MT Dark Edition [2023-2025],"6,000 km  |  Petrol  |  T Nagar, Chennai",Rs. 10.2 Lakh
2019 Volkswagen Polo Trendline 1.0L (P),"35,000 km  |  Petrol  |  Goudiyamath Road, Chennai",Rs. 6.25 Lakh
2021 Maruti Suzuki Vitara Brezza VXi AT SHVS,"12,000 km  |  Petrol  |  Goudiyamath Road, Chennai",Rs. 9.1 Lakh
2019 Tata Nexon XZA Plus Diesel,"40,000 km  |  Diesel  |  Goudiyamath Road, Chennai",Rs. 8.25 Lakh
2023 Hyundai Verna SX 1.5 Petrol MT,"12,500 km  |  Petrol  |  Goudiyamath Road, Chennai",Rs. 13.25 Lakh
2023 Honda City Hybrid eHEV ZX eHEV,"46,034 km  |  Hybrid (Electric + Petrol)  |  Adyar, Chennai",Rs. 17 Lakh
2021 Volkswagen T-Roc 1.5 TSI,"25,230 km  |  Petrol  |  Adyar, Chennai",Rs. 19.75 Lakh
2023 Mercedes-Benz C-Class C 300d [2022-2023],"12,913 km  |  Diesel  |  Adyar, Chennai",Rs. 58 Lakh
2018 Hyundai Elite i20 Magna Executive 1.2,"57,091 km  |  Petrol  |  Koyambedu, Chennai",Rs. 5.5 Lakh
2018 Volkswagen Vento Highline Diesel AT [2015-2016],"86,838 km  |  Diesel  |  Koyambedu, Chennai",Rs. 8.5 Lakh
2022 Maruti Suzuki Ciaz Sigma Hybrid 1.5 [2018-2020],"88,545 km  |  Petrol  |  Koyambedu, Chennai",Rs. 7 Lakh
2017 BMW 7-Series 730d Sedan,"36,000 km  |  Diesel  |  Adyar, Chennai",Rs. 52 Lakh
2018 Mercedes-Benz C-Class C 220d,"22,300 km  |  Diesel  |  Adyar, Chennai",Rs. 34 Lakh
2017 Audi A6 35 TDI Matrix,"43,000 km  |  Diesel  |  Adyar, Chennai",Rs. 28 Lakh
2012 Audi Q5 2.0 TDI quattro,"77,000 km  |  Diesel  |  Adyar, Chennai",Rs. 17 Lakh
2024 MG Hector Plus Blackstorm 2.0 Turbo Diesel 7 STR,"12,200 km  |  Diesel  |  Adyar, Chennai",Rs. 22.5 Lakh
2014 BMW 3-Series 320d Prestige,"27,000 km  |  Diesel  |  Adyar, Chennai",Rs. 19 Lakh
2017 Mercedes-Benz GLE 250 d,"98,000 km  |  Diesel  |  Adyar, Chennai",Rs. 30 Lakh
2019 Audi A3 35 TDI Premium + Sunroof,"12,000 km  |  Diesel  |  Adyar, Chennai",Rs. 25 Lakh
2014 Maserati Quattroporte Diesel,"44,000 km  |  Diesel  |  Adyar, Chennai",Rs. 35 Lakh
2013 Toyota Prado VX L,"1,51,000 km  |  Diesel  |  Adyar, Chennai",Rs. 42 Lakh
2018 BMW 3 Series GT 320d Sport Line [2014-2016],"65,800 km  |  Diesel  |  Adyar, Chennai",Rs. 26 Lakh
2024 Mercedes-Benz GLS 450d 4MATIC,"10,000 km  |  Diesel  |  Adyar, Chennai",Rs. 1.2 Crore
2022 Mercedes-Benz S-Class S 350d,"32,200 km  |  Diesel  |  Adyar, Chennai",Rs. 1.25 Crore
2020 BMW X7 xDrive30d DPE Signature [2019-2020],"1,17,000 km  |  Diesel  |  Adyar, Chennai",Rs. 72 Lakh
2019 Mercedes-Benz E-Class E 220 d Avantgarde,"1,00,000 km  |  Diesel  |  Adyar, Chennai",Rs. 36.5 Lakh
2020 Mercedes-Benz GLE 300d 4MATIC LWB [2020-2023],"61,000 km  |  Diesel  |  Adyar, Chennai",Rs. 53 Lakh
2021 Hyundai Elite i20 Sportz 1.2 IVT [2020-2023],"30,578 km  |  Petrol  |  Koyambedu, Chennai",Rs. 6.9 Lakh
2024 BMW X5 xDrive30d M Sport,"15,000 km  |  Diesel  |  Adyar, Chennai",Rs. 1.05 Crore
2015 Mercedes-Benz S-Class S 350D [2018-2020],"68,000 km  |  Diesel  |  Adyar, Chennai",Rs. 40 Lakh
2017 Volvo S90 D4 Inscription,"39,000 km  |  Diesel  |  Adyar, Chennai",Rs. 30 Lakh
2022 Jaguar F-type Coupe R-Dynamic 2.0 [2020-2023],"5,000 km  |  Petrol  |  Adyar, Chennai",Rs. 1.2 Crore
2023 Mahindra Thar LX Hard Top Petrol AT RWD [2023],"20,208 km  |  Petrol  |  Goudiyamath Road, Chennai",Rs. 13.5 Lakh
2023 Hyundai Venue SX (O) 1.0 Turbo DCT,"15,000 km  |  Petrol  |  Goudiyamath Road, Chennai",Rs. 12.5 Lakh
2019 Tata Tiago Revotron XZ,"9,950 km  |  Petrol  |  Krishnampet, Chennai",Rs. 4.46 Lakh
2022 Hyundai Grand i10 NIOS Sportz 1.2 Kappa VTVT,"15,000 km  |  Petrol  |  Goudiyamath Road, Chennai",Rs. 6.75 Lakh
2016 Renault Kwid 1.0 RXT AMT Opt [2016-2019],"61,176 km  |  Petrol  |  Alandur, Chennai",Rs. 3.27 Lakh
2014 Maruti Suzuki Wagon R VXi,"12,000 km  |  Petrol  |  Goudiyamath Road, Chennai",Rs. 4.1 Lakh
2013 Mercedes-Benz B-class B180,"39,000 km  |  Petrol  |  Adyar, Chennai",Rs. 12.5 Lakh
2019 Mercedes-Benz GLC 220d 4MATIC Progressive [2019-2021],"51,000 km  |  Diesel  |  Adyar, Chennai",Rs. 42 Lakh
2018 Mercedes-Benz E-Class E 350 d Exclusive [2017-2019],"69,000 km  |  Diesel  |  Adyar, Chennai",Rs. 37.5 Lakh
2019 Volkswagen Tiguan AllSpace 2.0 TSI,"77,000 km  |  Petrol  |  Adyar, Chennai",Rs. 19.5 Lakh
2023 Honda City Hybrid eHEV ZX eHEV,"25,000 km  |  Hybrid (Electric + Petrol)  |  Adyar, Chennai",Rs. 18 Lakh
2021 Mercedes-Benz C-Coupe 43 AMG 4MATIC,"17,000 km  |  Petrol  |  Adyar, Chennai",Rs. 75 Lakh
2014 Audi Q3 2.0 TDI Base Grade,"76,000 km  |  Diesel  |  Adyar, Chennai",Rs. 14 Lakh
2015 Mercedes-Benz C-Class C 220d,"82,000 km  |  Diesel  |  Adyar, Chennai",Rs. 22 Lakh
2023 BMW i7 xDrive60,"9,500 km  |  Electric  |  Adyar, Chennai",Rs. 1.75 Crore
2023 Hyundai Alcazar Platinum 7 STR 1.5 Diesel,"65,000 km  |  Diesel  |  Adyar, Chennai",Rs. 17.5 Lakh
2018 Mercedes-Benz GLS 350 d,"48,700 km  |  Diesel  |  Adyar, Chennai",Rs. 57 Lakh
2016 BMW 7-Series 730Ld,"89,000 km  |  Diesel  |  Adyar, Chennai",Rs. 35 Lakh
2013 BMW 6-Series 640d Coupe,"63,000 km  |  Diesel  |  Adyar, Chennai",Rs. 27.5 Lakh
2019 Mercedes-Benz CLA 200 D Urban Sport,"44,900 km  |  Diesel  |  Adyar, Chennai",Rs. 27.5 Lakh
2017 Audi A6 35 TDI Matrix,"43,000 km  |  Diesel  |  Adyar, Chennai",Rs. 28 Lakh
2012 Audi Q5 2.0 TDI quattro,"77,000 km  |  Diesel  |  Adyar, Chennai",Rs. 17 Lakh
2024 MG Hector Plus Blackstorm 2.0 Turbo Diesel 7 STR,"12,200 km  |  Diesel  |  Adyar, Chennai",Rs. 22.5 Lakh
2016 BMW 7-Series 730Ld,"89,000 km  |  Diesel  |  Adyar, Chennai",Rs. 35 Lakh
2014 BMW 3-Series 320d Prestige,"27,000 km  |  Diesel  |  Adyar, Chennai",Rs. 19 Lakh
2017 Mercedes-Benz GLE 250 d,"98,000 km  |  Diesel  |  Adyar, Chennai",Rs. 30 Lakh
2019 Audi A3 35 TDI Premium + Sunroof,"12,000 km  |  Diesel  |  Adyar, Chennai",Rs. 25 Lakh
2014 Maserati Quattroporte Diesel,"44,000 km  |  Diesel  |  Adyar, Chennai",Rs. 35 Lakh
2013 Toyota Prado VX L,"1,51,000 km  |  Diesel  |  Adyar, Chennai",Rs. 42 Lakh
2018 BMW 3 Series GT 320d Sport Line [2014-2016],"65,800 km  |  Diesel  |  Adyar, Chennai",Rs. 26 Lakh
2024 Mercedes-Benz GLS 450d 4MATIC,"10,000 km  |  Diesel  |  Adyar, Chennai",Rs. 1.2 Crore
2022 Mercedes-Benz S-Class S 350d,"32,200 km  |  Diesel  |  Adyar, Chennai",Rs. 1.25 Crore
2020 BMW X7 xDrive30d DPE Signature [2019-2020],"1,17,000 km  |  Diesel  |  Adyar, Chennai",Rs. 72 Lakh
2019 Mercedes-Benz E-Class E 220 d Avantgarde,"1,00,000 km  |  Diesel  |  Adyar, Chennai",Rs. 36.5 Lakh
2020 Mercedes-Benz GLE 300d 4MATIC LWB [2020-2023],"61,000 km  |  Diesel  |  Adyar, Chennai",Rs. 53 Lakh
2021 Hyundai Elite i20 Sportz 1.2 IVT [2020-2023],"30,578 km  |  Petrol  |  Koyambedu, Chennai",Rs. 6.9 Lakh
2024 BMW X5 xDrive30d M Sport,"15,000 km  |  Diesel  |  Adyar, Chennai",Rs. 1.05 Crore
2015 Mercedes-Benz S-Class S 350D [2018-2020],"68,000 km  |  Diesel  |  Adyar, Chennai",Rs. 40 Lakh
2017 Volvo S90 D4 Inscription,"39,000 km  |  Diesel  |  Adyar, Chennai",Rs. 30 Lakh
2022 Jaguar F-type Coupe R-Dynamic 2.0 [2020-2023],"5,000 km  |  Petrol  |  Adyar, Chennai",Rs. 1.2 Crore
2023 Mahindra Thar LX Hard Top Petrol AT RWD [2023],"20,208 km  |  Petrol  |  Goudiyamath Road, Chennai",Rs. 13.5 Lakh
2023 Hyundai Venue SX (O) 1.0 Turbo DCT,"15,000 km  |  Petrol  |  Goudiyamath Road, Chennai",Rs. 12.5 Lakh
2019 Tata Tiago Revotron XZ,"9,950 km  |  Petrol  |  Krishnampet, Chennai",Rs. 4.46 Lakh
2022 Hyundai Grand i10 NIOS Sportz 1.2 Kappa VTVT,"15,000 km  |  Petrol  |  Goudiyamath Road, Chennai",Rs. 6.75 Lakh
2016 Renault Kwid 1.0 RXT AMT Opt [2016-2019],"61,176 km  |  Petrol  |  Alandur, Chennai",Rs. 3.27 Lakh
2014 Maruti Suzuki Wagon R VXi,"12,000 km  |  Petrol  |  Goudiyamath Road, Chennai",Rs. 4.1 Lakh
2016 Renault Kwid 1.0 RXT AMT Opt,"49,305 km  |  Petrol  |  Alandur, Chennai",Rs. 3.26 Lakh
2017 Renault Kwid 1.0 RXT AMT Opt [2016-2019],"43,707 km  |  Petrol  |  Vadapalani, Chennai",Rs. 3.31 Lakh
2019 Ford Ecosport Titanium 1.5L TDCi [2019-2020],"40,435 km  |  Diesel  |  Alandur, Chennai",Rs. 7.31 Lakh
2018 Skoda Octavia RS,"55,000 km  |  Petrol  |  Adyar, Chennai",Rs. 28.5 Lakh
2016 Mercedes-Benz GLE Coupe 43 AMG 4Matic 2016,"45,000 km  |  Petrol  |  Adyar, Chennai",Rs. 57 Lakh
2019 Mercedes-Benz E-Class E 350 d Exclusive [2017-2019],"70,000 km  |  Diesel  |  Adyar, Chennai",Rs. 38 Lakh
2022 Porsche Macan Base,"25,147 km  |  Petrol  |  Koyambedu, Chennai",Rs. 70 Lakh
2018 Mini Cooper D 3 Door,"37,983 km  |  Diesel  |  Koyambedu, Chennai",Rs. 25.5 Lakh
2025 Mahindra Thar Roxx AX7 L 2WD Diesel 2.2L Turbo Automatic,"3,877 km  |  Diesel  |  Koyambedu, Chennai",Rs. 23.95 Lakh
2022 Jeep Meridian Limited (O) 4X2 AT [2022],"28,000 km  |  Diesel  |  Koyambedu, Chennai",Rs. 24.99 Lakh
2021 Kia Sonet GTX Plus 1.0 iMT [2020-2021],"24,297 km  |  Petrol  |  Koyambedu, Chennai",Rs. 7.99 Lakh
2016 Renault Kwid RXL [2015-2019],"72,992 km  |  Petrol  |  Vadapalani, Chennai",Rs. 2.62 Lakh
2016 Mercedes-Benz GLS 350 d,"1,47,331 km  |  Diesel  |  Koyambedu, Chennai",Rs. 32 Lakh
2021 Mercedes-Benz E-Class E 220d Exclusive,"79,000 km  |  Diesel  |  Koyambedu, Chennai",Rs. 48 Lakh
2016 Land Rover Discovery Sport HSE Luxury,"1,26,000 km  |  Diesel  |  Koyambedu, Chennai",Rs. 19.5 Lakh
2023 Toyota Innova Hyrcross ZX Hybrid (Electric + Petrol) Automatic (e-CVT) 7 STR,"25,426 km  |  Hybrid (Electric + Petrol)  |  Koyambedu, Chennai",Rs. 34 Lakh
2020 Hyundai Elantra 2.0 SX (O) AT,"1,01,505 km  |  Petrol  |  Koyambedu, Chennai",Rs. 10.9 Lakh
2018 Maruti Suzuki Vitara Brezza ZDi Plus AGS,"73,745 km  |  Diesel  |  Alandur, Chennai",Rs. 7.38 Lakh
2019 Hyundai Verna Fluidic 1.6 VTVT SX,"24,832 km  |  Petrol  |  Sholinganallur, Chennai",Rs. 8.13 Lakh
2022 Mercedes-Benz E-Class E 220 d Avantgarde,"20,000 km  |  Diesel  |  Anna Road H O, Chennai",Rs. 58 Lakh
2020 Mahindra XUV300 W8 (O) 1.5 Diesel AMT,"17,600 km  |  Diesel  |  T Nagar, Chennai",Rs. 9.25 Lakh
2020 Kia Carnival Limousine Plus 7 STR,"48,000 km  |  Diesel  |  T Nagar, Chennai",Rs. 27.99 Lakh
2021 Toyota Innova Crysta ZX 2.4 AT 7 STR,"77,000 km  |  Diesel  |  T Nagar, Chennai",Rs. 25 Lakh
2023 Kia Sonet HTK Plus 1.0 iMT [2020-2021],"23,000 km  |  Petrol  |  T Nagar, Chennai",Rs. 8.6 Lakh
2013 Mercedes-Benz B-class B180,"39,000 km  |  Petrol  |  Adyar, Chennai",Rs. 12.5 Lakh
2019 Mercedes-Benz GLC 220d 4MATIC Progressive [2019-2021],"51,000 km  |  Diesel  |  Adyar, Chennai",Rs. 42 Lakh
2018 Mercedes-Benz E-Class E 350 d Exclusive [2017-2019],"69,000 km  |  Diesel  |  Adyar, Chennai",Rs. 37.5 Lakh
2019 Volkswagen Tiguan AllSpace 2.0 TSI,"77,000 km  |  Petrol  |  Adyar, Chennai",Rs. 19.5 Lakh
2023 Honda City Hybrid eHEV ZX eHEV,"25,000 km  |  Hybrid (Electric + Petrol)  |  Adyar, Chennai",Rs. 18 Lakh
2021 Mercedes-Benz C-Coupe 43 AMG 4MATIC,"17,000 km  |  Petrol  |  Adyar, Chennai",Rs. 75 Lakh
2014 Audi Q3 2.0 TDI Base Grade,"76,000 km  |  Diesel  |  Adyar, Chennai",Rs. 14 Lakh
2019 Mercedes-Benz GLC 220d 4MATIC Progressive [2019-2021],"51,000 km  |  Diesel  |  Adyar, Chennai",Rs. 42 Lakh
2018 Mercedes-Benz E-Class E 350 d Exclusive [2017-2019],"69,000 km  |  Diesel  |  Adyar, Chennai",Rs. 37.5 Lakh
2019 Volkswagen Tiguan AllSpace 2.0 TSI,"77,000 km  |  Petrol  |  Adyar, Chennai",Rs. 19.5 Lakh
2023 Honda City Hybrid eHEV ZX eHEV,"25,000 km  |  Hybrid (Electric + Petrol)  |  Adyar, Chennai",Rs. 18 Lakh
2021 Mercedes-Benz C-Coupe 43 AMG 4MATIC,"17,000 km  |  Petrol  |  Adyar, Chennai",Rs. 75 Lakh
2014 Audi Q3 2.0 TDI Base Grade,"76,000 km  |  Diesel  |  Adyar, Chennai",Rs. 14 Lakh
2022 Hyundai Grand i10 NIOS Sportz 1.2 Kappa VTVT,"15,000 km  |  Petrol  |  Goudiyamath Road, Chennai",Rs. 6.75 Lakh
2016 Renault Kwid 1.0 RXT AMT Opt [2016-2019],"61,176 km  |  Petrol  |  Alandur, Chennai",Rs. 3.27 Lakh
2016 Renault Kwid 1.0 RXT AMT Opt,"49,305 km  |  Petrol  |  Alandur, Chennai",Rs. 3.26 Lakh
2017 Renault Kwid 1.0 RXT AMT Opt [2016-2019],"43,707 km  |  Petrol  |  Vadapalani, Chennai",Rs. 3.31 Lakh
2019 Ford Ecosport Titanium 1.5L TDCi [2019-2020],"40,435 km  |  Diesel  |  Alandur, Chennai",Rs. 7.31 Lakh
2018 Skoda Octavia RS,"55,000 km  |  Petrol  |  Adyar, Chennai",Rs. 28.5 Lakh
2016 Mercedes-Benz GLE Coupe 43 AMG 4Matic 2016,"45,000 km  |  Petrol  |  Adyar, Chennai",Rs. 57 Lakh
2019 Mercedes-Benz E-Class E 350 d Exclusive [2017-2019],"70,000 km  |  Diesel  |  Adyar, Chennai",Rs. 38 Lakh
2022 Porsche Macan Base,"25,147 km  |  Petrol  |  Koyambedu, Chennai",Rs. 70 Lakh
2018 Mini Cooper D 3 Door,"37,983 km  |  Diesel  |  Koyambedu, Chennai",Rs. 25.5 Lakh
2025 Mahindra Thar Roxx AX7 L 2WD Diesel 2.2L Turbo Automatic,"3,877 km  |  Diesel  |  Koyambedu, Chennai",Rs. 23.95 Lakh
2022 Jeep Meridian Limited (O) 4X2 AT [2022],"28,000 km  |  Diesel  |  Koyambedu, Chennai",Rs. 24.99 Lakh
2021 Kia Sonet GTX Plus 1.0 iMT [2020-2021],"24,297 km  |  Petrol  |  Koyambedu, Chennai",Rs. 7.99 Lakh
2016 Renault Kwid RXL [2015-2019],"72,992 km  |  Petrol  |  Vadapalani, Chennai",Rs. 2.62 Lakh
2016 Mercedes-Benz GLS 350 d,"1,47,331 km  |  Diesel  |  Koyambedu, Chennai",Rs. 32 Lakh
2021 Mercedes-Benz E-Class E 220d Exclusive,"79,000 km  |  Diesel  |  Koyambedu, Chennai",Rs. 48 Lakh
2016 Land Rover Discovery Sport HSE Luxury,"1,26,000 km  |  Diesel  |  Koyambedu, Chennai",Rs. 19.5 Lakh
2023 Toyota Innova Hyrcross ZX Hybrid (Electric + Petrol) Automatic (e-CVT) 7 STR,"25,426 km  |  Hybrid (Electric + Petrol)  |  Koyambedu, Chennai",Rs. 34 Lakh
2020 Hyundai Elantra 2.0 SX (O) AT,"1,01,505 km  |  Petrol  |  Koyambedu, Chennai",Rs. 10.9 Lakh
2016 Volkswagen Jetta Highline TDI AT,"90,000 km  |  Diesel  |  T Nagar, Chennai",Rs. 9 Lakh
2021 Volkswagen T-Roc 1.5 TSI,"48,000 km  |  Petrol  |  T Nagar, Chennai",Rs. 18 Lakh
2024 Audi Q5 Technology 45 TFSI [2021-2024],"12,000 km  |  Petrol  |  T Nagar, Chennai",Rs. 59.5 Lakh
2025 Toyota Innova Hycross ZX (O) Hybrid (Electric + Petrol) Automatic (e-CVT) 7 STR,"5,000 km  |  Hybrid (Electric + Petrol)  |  T Nagar, Chennai",Rs. 39.6 Lakh
2018 Renault Kwid RXL [2015-2019],"57,921 km  |  Petrol  |  Vadapalani, Chennai",Rs. 2.92 Lakh
2019 Jeep Compass Limited 1.4 Petrol AT [2017-2020],"26,000 km  |  Petrol  |  Adyar, Chennai",Rs. 17.5 Lakh
2015 Ford Ecosport Titanium 1.5L TDCi [2019-2020],"73,334 km  |  Diesel  |  Vadapalani, Chennai",Rs. 5.38 Lakh
2021 Toyota Vellfire Hybrid,"35,000 km  |  Hybrid (Electric + Petrol)  |  Adyar, Chennai",Rs. 1.03 Crore
2018 Hyundai Creta 1.6 SX Plus AT Petrol,"65,000 km  |  Petrol  |  Adyar, Chennai",Rs. 11.5 Lakh
2011 Skoda Fabia Ambition 1.2 TDI,"1,04,000 km  |  Diesel  |  Adyar, Chennai",Rs. 3.5 Lakh
2019 Jeep Compass Limited 1.4 Petrol AT [2017-2020],"26,000 km  |  Petrol  |  Adyar, Chennai",Rs. 18 Lakh
2018 Jeep Compass Limited (O) 2.0 Diesel [2017-2020],"67,000 km  |  Diesel  |  Adyar, Chennai",Rs. 13 Lakh
2021 Jeep Compass Limited (O) 2.0 Diesel [2017-2020],"31,000 km  |  Diesel  |  Adyar, Chennai",Rs. 15.75 Lakh
2017 Jeep Compass Limited (O) 2.0 Diesel [2017-2020],"70,000 km  |  Diesel  |  Adyar, Chennai",Rs. 12 Lakh
2013 Hyundai Santa Fe 4 WD (AT),"1,05,000 km  |  Diesel  |  Adyar, Chennai",Rs. 9.5 Lakh
2014 Mercedes-Benz GL-Class 350 CDI,"1,10,000 km  |  Diesel  |  Adyar, Chennai",Rs. 31 Lakh
2023 Renault Kwid RXT 1.0 AMT,"26,426 km  |  Petrol  |  Vadapalani, Chennai",Rs. 4.48 Lakh
2021 Land Rover Range Rover Sport HSE 2.0 Petrol,"70,000 km  |  Petrol  |  Adyar, Chennai",Rs. 79 Lakh
2023 Land Rover Range Rover SV LWB 3.0 Diesel,"28,000 km  |  Diesel  |  Adyar, Chennai",Rs. 3.5 Crore
2018 Jaguar XJ 50,"44,000 km  |  Diesel  |  Adyar, Chennai",Rs. 55 Lakh
2016 BMW X3 xDrive 20d Expedition,"53,000 km  |  Diesel  |  Adyar, Chennai",Rs. 33 Lakh
2016 Honda City VX CVT,"67,000 km  |  Petrol  |  Goudiyamath Road, Chennai",Rs. 7.25 Lakh
2019 Honda City VX,"23,000 km  |  Petrol  |  Goudiyamath Road, Chennai",Rs. 8.25 Lakh
2021 Toyota Urban Cruiser High Grade AT,"20,000 km  |  Petrol  |  Goudiyamath Road, Chennai",Rs. 10 Lakh
2018 Maruti Suzuki Vitara Brezza ZDi Plus AGS,"73,745 km  |  Diesel  |  Alandur, Chennai",Rs. 7.38 Lakh
2019 Hyundai Verna Fluidic 1.6 VTVT SX,"24,832 km  |  Petrol  |  Sholinganallur, Chennai",Rs. 8.13 Lakh
2022 Mercedes-Benz E-Class E 220 d Avantgarde,"20,000 km  |  Diesel  |  Anna Road H O, Chennai",Rs. 58 Lakh
2020 Mahindra XUV300 W8 (O) 1.5 Diesel AMT,"17,600 km  |  Diesel  |  T Nagar, Chennai",Rs. 9.25 Lakh
2020 Kia Carnival Limousine Plus 7 STR,"48,000 km  |  Diesel  |  T Nagar, Chennai",Rs. 27.99 Lakh
2021 Toyota Innova Crysta ZX 2.4 AT 7 STR,"77,000 km  |  Diesel  |  T Nagar, Chennai",Rs. 25 Lakh
2023 Kia Sonet HTK Plus 1.0 iMT [2020-2021],"23,000 km  |  Petrol  |  T Nagar, Chennai",Rs. 8.6 Lakh
2023 Kia Sonet HTK Plus 1.0 iMT [2020-2021],"23,000 km  |  Petrol  |  T Nagar, Chennai",Rs. 8.6 Lakh
2016 Volkswagen Jetta Highline TDI AT,"90,000 km  |  Diesel  |  T Nagar, Chennai",Rs. 9 Lakh
2021 Volkswagen T-Roc 1.5 TSI,"48,000 km  |  Petrol  |  T Nagar, Chennai",Rs. 18 Lakh
2024 Audi Q5 Technology 45 TFSI [2021-2024],"12,000 km  |  Petrol  |  T Nagar, Chennai",Rs. 59.5 Lakh
2025 Toyota Innova Hycross ZX (O) Hybrid (Electric + Petrol) Automatic (e-CVT) 7 STR,"5,000 km  |  Hybrid (Electric + Petrol)  |  T Nagar, Chennai",Rs. 39.6 Lakh
2020 Mahindra XUV300 W8 (O) 1.5 Diesel AMT,"17,600 km  |  Diesel  |  T Nagar, Chennai",Rs. 9.25 Lakh
2020 Kia Carnival Limousine Plus 7 STR,"48,000 km  |  Diesel  |  T Nagar, Chennai",Rs. 27.99 Lakh
2021 Toyota Innova Crysta ZX 2.4 AT 7 STR,"77,000 km  |  Diesel  |  T Nagar, Chennai",Rs. 25 Lakh
2018 Renault Kwid RXL [2015-2019],"57,921 km  |  Petrol  |  Vadapalani, Chennai",Rs. 2.92 Lakh
2019 Jeep Compass Limited 1.4 Petrol AT [2017-2020],"26,000 km  |  Petrol  |  Adyar, Chennai",Rs. 17.5 Lakh
2015 Ford Ecosport Titanium 1.5L TDCi [2019-2020],"73,334 km  |  Diesel  |  Vadapalani, Chennai",Rs. 5.38 Lakh
2021 Toyota Vellfire Hybrid,"35,000 km  |  Hybrid (Electric + Petrol)  |  Adyar, Chennai",Rs. 1.03 Crore
2018 Hyundai Creta 1.6 SX Plus AT Petrol,"65,000 km  |  Petrol  |  Adyar, Chennai",Rs. 11.5 Lakh
2011 Skoda Fabia Ambition 1.2 TDI,"1,04,000 km  |  Diesel  |  Adyar, Chennai",Rs. 3.5 Lakh
2019 Jeep Compass Limited 1.4 Petrol AT [2017-2020],"26,000 km  |  Petrol  |  Adyar, Chennai",Rs. 18 Lakh
2018 Jeep Compass Limited (O) 2.0 Diesel [2017-2020],"67,000 km  |  Diesel  |  Adyar, Chennai",Rs. 13 Lakh
2021 Jeep Compass Limited (O) 2.0 Diesel [2017-2020],"31,000 km  |  Diesel  |  Adyar, Chennai",Rs. 15.75 Lakh
2017 Jeep Compass Limited (O) 2.0 Diesel [2017-2020],"70,000 km  |  Diesel  |  Adyar, Chennai",Rs. 12 Lakh
2013 Hyundai Santa Fe 4 WD (AT),"1,05,000 km  |  Diesel  |  Adyar, Chennai",Rs. 9.5 Lakh
2014 Mercedes-Benz GL-Class 350 CDI,"1,10,000 km  |  Diesel  |  Adyar, Chennai",Rs. 31 Lakh
2023 Renault Kwid RXT 1.0 AMT,"26,426 km  |  Petrol  |  Vadapalani, Chennai",Rs. 4.48 Lakh
2023 Mahindra XUV700 AX7 Luxury Pack 2WD Petrol 2.0L Turbo Automatic 7 STR,"23,307 km  |  Petrol  |  Alandur, Chennai",Rs. 22.36 Lakh
2020 Kia Seltos HTK Plus 1.5 [2019-2020],"33,000 km  |  Petrol  |  Goudiyamath Road, Chennai",Rs. 9 Lakh
2023 Maruti Suzuki Swift ZXi Plus AMT Dual Tone [2021-2023],"24,834 km  |  Petrol  |  Vadapalani, Chennai",Rs. 7.84 Lakh
2018 Jeep Compass Limited (O) 2.0 Diesel [2017-2020],"59,000 km  |  Diesel  |  Adyar, Chennai",Rs. 13.5 Lakh
2016 Renault Kwid RXL [2015-2019],"54,819 km  |  Petrol  |  Navallur, Chennai",Rs. 2.57 Lakh
2021 Maruti Suzuki Swift ZXi [2021-2023],"72,301 km  |  Petrol  |  Vadapalani, Chennai",Rs. 5.33 Lakh
2018 Renault Kwid RXT Opt [2015-2019],"41,563 km  |  Petrol  |  Navallur, Chennai",Rs. 3.31 Lakh
2016 Renault Kwid RXT [2015-2019],"47,230 km  |  Petrol  |  Navallur, Chennai",Rs. 2.76 Lakh
2021 Renault Kwid 1.0 RXT Opt [2016-2019],"21,408 km  |  Petrol  |  Krishnampet, Chennai",Rs. 3.71 Lakh
2017 Volkswagen GTi 1.8 TSI,"1,08,000 km  |  Petrol  |  Adyar, Chennai",Rs. 23 Lakh
2022 Maruti Suzuki Ignis Alpha 1.2 AMT,"18,000 km  |  Petrol  |  Goudiyamath Road, Chennai",Rs. 6.4 Lakh
2019 Renault Kwid RXT Opt,"40,707 km  |  Petrol  |  Krishnampet, Chennai",Rs. 3.67 Lakh
2023 Renault Kiger RXE MT,"10,000 km  |  Petrol  |  Goudiyamath Road, Chennai",Rs. 7.25 Lakh
2016 BMW 7-Series 730Ld M Sport,"77,000 km  |  Diesel  |  Adyar, Chennai",Rs. 53 Lakh
2020 Maruti Suzuki Celerio ZXi,"21,000 km  |  Petrol  |  Goudiyamath Road, Chennai",Rs. 5 Lakh
2019 Mercedes-Benz S-Class S 450,"66,000 km  |  Petrol  |  Adyar, Chennai",Rs. 83 Lakh
2014 Audi Q5 2.0 TDI quattro Premium,"37,000 km  |  Diesel  |  Adyar, Chennai",Rs. 19.5 Lakh
2019 BMW 5-Series 520d Luxury Line [2017-2019],"48,900 km  |  Diesel  |  Adyar, Chennai",Rs. 32 Lakh
2016 Jaguar F-Pace Prestige Petrol,"56,000 km  |  Petrol  |  Adyar, Chennai",Rs. 35 Lakh
2021 Land Rover Range Rover Sport V6 HSE,"60,000 km  |  Petrol  |  Adyar, Chennai",Rs. 63 Lakh
2021 Land Rover Range Rover Sport HSE 2.0 Petrol,"70,000 km  |  Petrol  |  Adyar, Chennai",Rs. 79 Lakh
2023 Land Rover Range Rover SV LWB 3.0 Diesel,"28,000 km  |  Diesel  |  Adyar, Chennai",Rs. 3.5 Crore
2018 Jaguar XJ 50,"44,000 km  |  Diesel  |  Adyar, Chennai",Rs. 55 Lakh
2016 BMW X3 xDrive 20d Expedition,"53,000 km  |  Diesel  |  Adyar, Chennai",Rs. 33 Lakh
2016 Honda City VX CVT,"67,000 km  |  Petrol  |  Goudiyamath Road, Chennai",Rs. 7.25 Lakh
2019 Honda City VX,"23,000 km  |  Petrol  |  Goudiyamath Road, Chennai",Rs. 8.25 Lakh
2021 Toyota Urban Cruiser High Grade AT,"20,000 km  |  Petrol  |  Goudiyamath Road, Chennai",Rs. 10 Lakh
2023 Mahindra XUV700 AX7 Luxury Pack 2WD Petrol 2.0L Turbo Automatic 7 STR,"23,307 km  |  Petrol  |  Alandur, Chennai",Rs. 22.36 Lakh
2020 Kia Seltos HTK Plus 1.5 [2019-2020],"33,000 km  |  Petrol  |  Goudiyamath Road, Chennai",Rs. 9 Lakh
2015 Ford Ecosport Titanium 1.5L TDCi [2019-2020],"73,334 km  |  Diesel  |  Vadapalani, Chennai",Rs. 5.38 Lakh
2021 Toyota Vellfire Hybrid,"35,000 km  |  Hybrid (Electric + Petrol)  |  Adyar, Chennai",Rs. 1.03 Crore
2018 Hyundai Creta 1.6 SX Plus AT Petrol,"65,000 km  |  Petrol  |  Adyar, Chennai",Rs. 11.5 Lakh
2011 Skoda Fabia Ambition 1.2 TDI,"1,04,000 km  |  Diesel  |  Adyar, Chennai",Rs. 3.5 Lakh
2019 Jeep Compass Limited 1.4 Petrol AT [2017-2020],"26,000 km  |  Petrol  |  Adyar, Chennai",Rs. 18 Lakh
2018 Jeep Compass Limited (O) 2.0 Diesel [2017-2020],"67,000 km  |  Diesel  |  Adyar, Chennai",Rs. 13 Lakh
2021 Jeep Compass Limited (O) 2.0 Diesel [2017-2020],"31,000 km  |  Diesel  |  Adyar, Chennai",Rs. 15.75 Lakh
2017 Jeep Compass Limited (O) 2.0 Diesel [2017-2020],"70,000 km  |  Diesel  |  Adyar, Chennai",Rs. 12 Lakh
2013 Hyundai Santa Fe 4 WD (AT),"1,05,000 km  |  Diesel  |  Adyar, Chennai",Rs. 9.5 Lakh
2014 Mercedes-Benz GL-Class 350 CDI,"1,10,000 km  |  Diesel  |  Adyar, Chennai",Rs. 31 Lakh
2023 Maruti Suzuki Swift ZXi Plus AMT Dual Tone [2021-2023],"24,834 km  |  Petrol  |  Vadapalani, Chennai",Rs. 7.84 Lakh
2018 Jeep Compass Limited (O) 2.0 Diesel [2017-2020],"59,000 km  |  Diesel  |  Adyar, Chennai",Rs. 13.5 Lakh
2016 Renault Kwid RXL [2015-2019],"54,819 km  |  Petrol  |  Navallur, Chennai",Rs. 2.57 Lakh
2021 Maruti Suzuki Swift ZXi [2021-2023],"72,301 km  |  Petrol  |  Vadapalani, Chennai",Rs. 5.33 Lakh
2018 Renault Kwid RXT Opt [2015-2019],"41,563 km  |  Petrol  |  Navallur, Chennai",Rs. 3.31 Lakh
2016 Renault Kwid RXT [2015-2019],"47,230 km  |  Petrol  |  Navallur, Chennai",Rs. 2.76 Lakh
2021 Renault Kwid 1.0 RXT Opt [2016-2019],"21,408 km  |  Petrol  |  Krishnampet, Chennai",Rs. 3.71 Lakh
2017 Volkswagen GTi 1.8 TSI,"1,08,000 km  |  Petrol  |  Adyar, Chennai",Rs. 23 Lakh
2022 Maruti Suzuki Ignis Alpha 1.2 AMT,"18,000 km  |  Petrol  |  Goudiyamath Road, Chennai",Rs. 6.4 Lakh
2019 Renault Kwid RXT Opt,"40,707 km  |  Petrol  |  Krishnampet, Chennai",Rs. 3.67 Lakh
2023 Renault Kiger RXE MT,"10,000 km  |  Petrol  |  Goudiyamath Road, Chennai",Rs. 7.25 Lakh
2013 Mini Cooper 1.6,"60,000 km  |  Petrol  |  Adyar, Chennai",Rs. 15 Lakh
2021 Volkswagen T-Roc 1.5 TSI,"38,000 km  |  Petrol  |  Adyar, Chennai",Rs. 19.75 Lakh
2018 Mercedes-Benz E-Class E 220 d Avantgarde,"15,500 km  |  Diesel  |  Adyar, Chennai",Rs. 38 Lakh
2022 Mini Cooper SE Charged Edition,"9,100 km  |  Electric  |  Adyar, Chennai",Rs. 41 Lakh
2021 Land Rover Range Rover Velar 2.0 R-Dynamic HSE Diesel 180,"83,700 km  |  Diesel  |  Adyar, Chennai",Rs. 68 Lakh
2014 Jaguar XF 2.2 Diesel Luxury,"68,000 km  |  Diesel  |  Adyar, Chennai",Rs. 18 Lakh
2024 Mercedes-Benz E-Class E 350 d Exclusive [2017-2019],"19,000 km  |  Diesel  |  Adyar, Chennai",Rs. 85 Lakh
2017 Mercedes-Benz E-Class E 350 d Exclusive [2017-2019],"51,000 km  |  Diesel  |  Adyar, Chennai",Rs. 36 Lakh
2020 Land Rover Range Rover Sport SE 2.0 Petrol,"66,000 km  |  Petrol  |  Adyar, Chennai",Rs. 68 Lakh
2018 Mini Cooper S 3 Door [2018-2020],"45,800 km  |  Petrol  |  Adyar, Chennai",Rs. 30 Lakh
2024 Mercedes-Benz E-Class E220d [2024-2025],"4,000 km  |  Diesel  |  Adyar, Chennai",Rs. 78 Lakh
2019 Audi A6 35 TDI Matrix,"67,700 km  |  Diesel  |  Adyar, Chennai",Rs. 27.5 Lakh
2013 Audi Q3 2.0 TDI Base Grade,"74,400 km  |  Diesel  |  Adyar, Chennai",Rs. 11 Lakh
2021 Hyundai Elite i20 Sportz 1.2 IVT [2020-2023],"28,000 km  |  Petrol  |  Koyambedu, Chennai",Rs. 6.9 Lakh
2016 Toyota Camry Hybrid [2015-2017],"1,06,404 km  |  Petrol  |  Koyambedu, Chennai",Rs. 9.75 Lakh
2022 Jeep Compass Model S (O) 2.0 Diesel [2021],"28,000 km  |  Diesel  |  Koyambedu, Chennai",Rs. 19 Lakh
2016 Volkswagen GTi 1.8 TSI,"1,17,000 km  |  Petrol  |  Anna Road H O, Chennai",Rs. 24 Lakh
2013 Volvo S60 Kinetic D5,"95,000 km  |  Diesel  |  Anna Road H O, Chennai",Rs. 18 Lakh
2014 Land Rover Range Rover Sport SDV6 SE,"1,03,000 km  |  Diesel  |  Anna Road H O, Chennai",Rs. 35 Lakh
2012 Bentley Continental GT V8,"27,000 km  |  Petrol  |  Anna Road H O, Chennai",Rs. 1.2 Crore
2008 Hummer H3 SUV,"36,000 km  |  Petrol  |  Anna Road H O, Chennai",Rs. 55 Lakh
2018 Lamborghini Huracan LP 610-4,"15,000 km  |  Petrol  |  Anna Road H O, Chennai",Rs. 3.15 Crore
2018 Audi Q3 35 TDI quattro Technology,"74,000 km  |  Diesel  |  Anna Road H O, Chennai",Rs. 22 Lakh
2025 BMW X5 xDrive40i M Sport,"2,500 km  |  Petrol  |  Anna Road H O, Chennai",Rs. 1.05 Crore
2016 BMW 7-Series 730Ld M Sport,"77,000 km  |  Diesel  |  Adyar, Chennai",Rs. 53 Lakh
2020 Maruti Suzuki Celerio ZXi,"21,000 km  |  Petrol  |  Goudiyamath Road, Chennai",Rs. 5 Lakh
2019 Mercedes-Benz S-Class S 450,"66,000 km  |  Petrol  |  Adyar, Chennai",Rs. 83 Lakh
2014 Audi Q5 2.0 TDI quattro Premium,"37,000 km  |  Diesel  |  Adyar, Chennai",Rs. 19.5 Lakh
2019 BMW 5-Series 520d Luxury Line [2017-2019],"48,900 km  |  Diesel  |  Adyar, Chennai",Rs. 32 Lakh
2016 Jaguar F-Pace Prestige Petrol,"56,000 km  |  Petrol  |  Adyar, Chennai",Rs. 35 Lakh
2021 Land Rover Range Rover Sport V6 HSE,"60,000 km  |  Petrol  |  Adyar, Chennai",Rs. 63 Lakh
2013 Mini Cooper 1.6,"60,000 km  |  Petrol  |  Adyar, Chennai",Rs. 15 Lakh
2021 Volkswagen T-Roc 1.5 TSI,"38,000 km  |  Petrol  |  Adyar, Chennai",Rs. 19.75 Lakh
2018 Mercedes-Benz E-Class E 220 d Avantgarde,"15,500 km  |  Diesel  |  Adyar, Chennai",Rs. 38 Lakh
2022 Mini Cooper SE Charged Edition,"9,100 km  |  Electric  |  Adyar, Chennai",Rs. 41 Lakh
2021 Land Rover Range Rover Velar 2.0 R-Dynamic HSE Diesel 180,"83,700 km  |  Diesel  |  Adyar, Chennai",Rs. 68 Lakh
2014 Jaguar XF 2.2 Diesel Luxury,"68,000 km  |  Diesel  |  Adyar, Chennai",Rs. 18 Lakh
2024 Mercedes-Benz E-Class E 350 d Exclusive [2017-2019],"19,000 km  |  Diesel  |  Adyar, Chennai",Rs. 85 Lakh
2017 Mercedes-Benz E-Class E 350 d Exclusive [2017-2019],"51,000 km  |  Diesel  |  Adyar, Chennai",Rs. 36 Lakh
2020 Land Rover Range Rover Sport SE 2.0 Petrol,"66,000 km  |  Petrol  |  Adyar, Chennai",Rs. 68 Lakh
2018 Mini Cooper S 3 Door [2018-2020],"45,800 km  |  Petrol  |  Adyar, Chennai",Rs. 30 Lakh
2024 Mercedes-Benz E-Class E220d [2024-2025],"4,000 km  |  Diesel  |  Adyar, Chennai",Rs. 78 Lakh
2019 Audi A6 35 TDI Matrix,"67,700 km  |  Diesel  |  Adyar, Chennai",Rs. 27.5 Lakh
2013 Audi Q3 2.0 TDI Base Grade,"74,400 km  |  Diesel  |  Adyar, Chennai",Rs. 11 Lakh
2018 Lamborghini Huracan LP 610-4,"15,000 km  |  Petrol  |  Anna Road H O, Chennai",Rs. 3.15 Crore
2018 Audi Q3 35 TDI quattro Technology,"74,000 km  |  Diesel  |  Anna Road H O, Chennai",Rs. 22 Lakh
2025 BMW X5 xDrive40i M Sport,"2,500 km  |  Petrol  |  Anna Road H O, Chennai",Rs. 1.05 Crore
2022 Jeep Compass Model S (O) 2.0 Diesel [2021],"28,000 km  |  Diesel  |  Koyambedu, Chennai",Rs. 19 Lakh
2018 Lamborghini Huracan LP 610-4,"15,000 km  |  Petrol  |  Anna Road H O, Chennai",Rs. 3.15 Crore
2024 MG Gloster Blackstorm 6 STR 2.0 Twin Turbo 4WD,"8,700 km  |  Diesel  |  Anna Road H O, Chennai",Rs. 47 Lakh
2024 BMW 7-Series 740i M Sport,"21,000 km  |  Petrol  |  Anna Road H O, Chennai",Rs. 1.35 Crore
2017 Ford Mustang GT Fastback 5.0L v8,"16,000 km  |  Petrol  |  Anna Road H O, Chennai",Rs. 87 Lakh
2016 BMW X5 xDrive 30d M Sport,"84,000 km  |  Diesel  |  Anna Road H O, Chennai",Rs. 38.5 Lakh
2017 Volvo XC90 T8 Excellence (4 STR),"42,000 km  |  Petrol  |  Anna Road H O, Chennai",Rs. 70 Lakh
2020 Mercedes-Benz S-Class S 450,"66,000 km  |  Petrol  |  Anna Road H O, Chennai",Rs. 85 Lakh
2017 Mercedes-Benz GLS 350 d,"55,000 km  |  Diesel  |  Anna Road H O, Chennai",Rs. 50 Lakh
2022 BMW 5-Series 520d Luxury Line,"42,000 km  |  Diesel  |  Anna Road H O, Chennai",Rs. 56 Lakh
2022 BMW 5-Series 520d Luxury Line,"29,000 km  |  Diesel  |  Anna Road H O, Chennai",Rs. 60 Lakh
2016 BMW 7-Series 730 Ld Signature,"77,000 km  |  Diesel  |  Anna Road H O, Chennai",Rs. 50 Lakh
2020 Mercedes-Benz GLE 300d 4MATIC LWB [2020-2023],"64,000 km  |  Diesel  |  Anna Road H O, Chennai",Rs. 55 Lakh
2022 BMW X1 sDrive20d xLine,"20,000 km  |  Diesel  |  Anna Road H O, Chennai",Rs. 34 Lakh
2021 MG Hector Sharp 1.5 Petrol CVT,"69,000 km  |  Petrol  |  Anna Road H O, Chennai",Rs. 15 Lakh
2017 BMW 7-Series 730Ld DPE Signature,"32,000 km  |  Diesel  |  Anna Road H O, Chennai",Rs. 60 Lakh
2021 BMW X7 xDrive40i M Sport (Petrol),"19,500 km  |  Petrol  |  Anna Road H O, Chennai",Rs. 1.1 Crore
2024 BMW 5-Series 530Li M Sport (Aluminium Satinated),"10,000 km  |  Petrol  |  Anna Road H O, Chennai",Rs. 70 Lakh
2023 Volvo XC60 B5 Ultimate,"36,000 km  |  Petrol  |  Anna Road H O, Chennai",Rs. 59.5 Lakh
2022 Mercedes-Benz GLA 220d AMG Line 4MATIC [2021-2023],"30,000 km  |  Diesel  |  Anna Road H O, Chennai",Rs. 50 Lakh
2022 Mini Cooper SE 3-Door,"3,800 km  |  Electric  |  Anna Road H O, Chennai",Rs. 38 Lakh
2021 BMW 5-Series 530d M Sport,"50,000 km  |  Diesel  |  Anna Road H O, Chennai",Rs. 55 Lakh
2020 BMW X6 xDrive40i M Sport [2020-2023],"53,000 km  |  Petrol  |  Anna Road H O, Chennai",Rs. 85 Lakh
2020 Mercedes-Benz G-Class G 63 AMG,"13,000 km  |  Petrol  |  Anna Road H O, Chennai",Rs. 3.1 Crore
2023 Skoda Slavia Style 1.5L TSI DSG,"18,000 km  |  Petrol  |  Anna Road H O, Chennai",Rs. 18 Lakh
2019 Porsche 911 Carrera S,"7,500 km  |  Petrol  |  Anna Road H O, Chennai",Rs. 2.1 Crore
2020 BMW X4 xDrive30i M Sport X,"87,000 km  |  Petrol  |  Anna Road H O, Chennai",Rs. 42 Lakh
2016 BMW X6 xDrive40d M Sport,"1,04,000 km  |  Diesel  |  Anna Road H O, Chennai",Rs. 35 Lakh
2022 Jaguar F-type Coupe R-Dynamic 2.0 [2020-2023],"5,000 km  |  Petrol  |  Anna Road H O, Chennai",Rs. 1.19 Crore
2024 BMW 3 Series Gran Limousine 330Li M Sport,"20,000 km  |  Petrol  |  Anna Road H O, Chennai",Rs. 52 Lakh
2024 MG Gloster Blackstorm 6 STR 2.0 Twin Turbo 4WD,"8,700 km  |  Diesel  |  Anna Road H O, Chennai",Rs. 47 Lakh
2024 BMW 7-Series 740i M Sport,"21,000 km  |  Petrol  |  Anna Road H O, Chennai",Rs. 1.35 Crore
2017 Ford Mustang GT Fastback 5.0L v8,"16,000 km  |  Petrol  |  Anna Road H O, Chennai",Rs. 87 Lakh
2016 BMW X5 xDrive 30d M Sport,"84,000 km  |  Diesel  |  Anna Road H O, Chennai",Rs. 38.5 Lakh
2017 Volvo XC90 T8 Excellence (4 STR),"42,000 km  |  Petrol  |  Anna Road H O, Chennai",Rs. 70 Lakh
2016 Volkswagen GTi 1.8 TSI,"1,17,000 km  |  Petrol  |  Anna Road H O, Chennai",Rs. 24 Lakh
2020 Mercedes-Benz S-Class S 450,"66,000 km  |  Petrol  |  Anna Road H O, Chennai",Rs. 85 Lakh
2017 Mercedes-Benz GLS 350 d,"55,000 km  |  Diesel  |  Anna Road H O, Chennai",Rs. 50 Lakh
2022 BMW 5-Series 520d Luxury Line,"42,000 km  |  Diesel  |  Anna Road H O, Chennai",Rs. 56 Lakh
2022 BMW 5-Series 520d Luxury Line,"29,000 km  |  Diesel  |  Anna Road H O, Chennai",Rs. 60 Lakh
2016 BMW 7-Series 730 Ld Signature,"77,000 km  |  Diesel  |  Anna Road H O, Chennai",Rs. 50 Lakh
2020 Mercedes-Benz GLE 300d 4MATIC LWB [2020-2023],"64,000 km  |  Diesel  |  Anna Road H O, Chennai",Rs. 55 Lakh
2022 BMW X1 sDrive20d xLine,"20,000 km  |  Diesel  |  Anna Road H O, Chennai",Rs. 34 Lakh
2021 MG Hector Sharp 1.5 Petrol CVT,"69,000 km  |  Petrol  |  Anna Road H O, Chennai",Rs. 15 Lakh
2017 BMW 7-Series 730Ld DPE Signature,"32,000 km  |  Diesel  |  Anna Road H O, Chennai",Rs. 60 Lakh
2021 BMW X7 xDrive40i M Sport (Petrol),"19,500 km  |  Petrol  |  Anna Road H O, Chennai",Rs. 1.1 Crore
2024 BMW 5-Series 530Li M Sport (Aluminium Satinated),"10,000 km  |  Petrol  |  Anna Road H O, Chennai",Rs. 70 Lakh
2023 Volvo XC60 B5 Ultimate,"36,000 km  |  Petrol  |  Anna Road H O, Chennai",Rs. 59.5 Lakh
2022 Mercedes-Benz GLA 220d AMG Line 4MATIC [2021-2023],"30,000 km  |  Diesel  |  Anna Road H O, Chennai",Rs. 50 Lakh
2022 Mini Cooper SE 3-Door,"3,800 km  |  Electric  |  Anna Road H O, Chennai",Rs. 38 Lakh
2021 BMW 5-Series 530d M Sport,"50,000 km  |  Diesel  |  Anna Road H O, Chennai",Rs. 55 Lakh
2020 BMW X6 xDrive40i M Sport [2020-2023],"53,000 km  |  Petrol  |  Anna Road H O, Chennai",Rs. 85 Lakh
2020 Mercedes-Benz G-Class G 63 AMG,"13,000 km  |  Petrol  |  Anna Road H O, Chennai",Rs. 3.1 Crore
2023 Skoda Slavia Style 1.5L TSI DSG,"18,000 km  |  Petrol  |  Anna Road H O, Chennai",Rs. 18 Lakh
2019 Porsche 911 Carrera S,"7,500 km  |  Petrol  |  Anna Road H O, Chennai",Rs. 2.1 Crore
2020 BMW X4 xDrive30i M Sport X,"87,000 km  |  Petrol  |  Anna Road H O, Chennai",Rs. 42 Lakh
2016 BMW X6 xDrive40d M Sport,"1,04,000 km  |  Diesel  |  Anna Road H O, Chennai",Rs. 35 Lakh
2022 Jaguar F-type Coupe R-Dynamic 2.0 [2020-2023],"5,000 km  |  Petrol  |  Anna Road H O, Chennai",Rs. 1.19 Crore
2024 BMW 3 Series Gran Limousine 330Li M Sport,"20,000 km  |  Petrol  |  Anna Road H O, Chennai",Rs. 52 Lakh
2022 Audi Q3 40 TFSI Premium Plus [2022-2024],"10,000 km  |  Petrol  |  Anna Road H O, Chennai",Rs. 42 Lakh
2021 BMW 3 Series Gran Limousine 330Li M Sport First Edition,"29,000 km  |  Petrol  |  Anna Road H O, Chennai",Rs. 35 Lakh
2022 Porsche Macan S [2019-2020],"26,000 km  |  Petrol  |  Anna Road H O, Chennai",Rs. 69 Lakh
2020 BMW 5-Series 520d Luxury Line,"83,000 km  |  Diesel  |  Anna Road H O, Chennai",Rs. 37.5 Lakh
2015 Mercedes-Benz GLA 200 CDI Style,"74,000 km  |  Diesel  |  Anna Road H O, Chennai",Rs. 17.9 Lakh
2023 BMW iX xDrive 40,"16,500 km  |  Electric  |  Anna Road H O, Chennai",Rs. 90 Lakh
2023 BMW i4 eDrive40,"2,000 km  |  Electric  |  Anna Road H O, Chennai",Rs. 60 Lakh
2019 Lamborghini Urus Twin-Turbo V8,"28,000 km  |  Petrol  |  Anna Road H O, Chennai",Rs. 4 Crore
2024 MG Gloster Savvy 7 STR 2.0 Turbo 2WD,"6,000 km  |  Diesel  |  Anna Road H O, Chennai",Rs. 47.5 Lakh
2017 BMW 7-Series 730Ld DPE Signature,"1,11,500 km  |  Diesel  |  Anna Road H O, Chennai",Rs. 34.9 Lakh
2020 BMW 7-Series 730Ld DPE Signature,"32,000 km  |  Diesel  |  Anna Road H O, Chennai",Rs. 85 Lakh
2022 Mercedes-Benz E-Class E 350d AMG Line,"52,000 km  |  Diesel  |  Anna Road H O, Chennai",Rs. 62 Lakh
2019 BMW X3 xDrive 20d Luxury Line [2018-2020],"43,000 km  |  Diesel  |  Anna Road H O, Chennai",Rs. 42 Lakh
2021 Audi Q8 55 TFSI quattro,"45,000 km  |  Petrol  |  Anna Road H O, Chennai",Rs. 70 Lakh
2023 Land Rover Range Rover Velar S R-Dynamic 2.0 Diesel,"29,000 km  |  Diesel  |  Anna Road H O, Chennai",Rs. 82 Lakh
2023 MG ZS EV Excite Pro,"7,600 km  |  Electric  |  Anna Road H O, Chennai",Rs. 20 Lakh
2025 Mahindra Be 6 Pack Two 59.0 kWh No Charger,"100 km  |  Electric  |  Anna Road H O, Chennai",Rs. 40 Lakh
2023 Jeep Wrangler Rubicon,"8,000 km  |  Petrol  |  Anna Road H O, Chennai",Rs. 73 Lakh
2020 BMW X4 xDrive30i M Sport X,"87,000 km  |  Petrol  |  Anna Road H O, Chennai",Rs. 42 Lakh
2016 BMW X6 xDrive40d M Sport,"1,04,000 km  |  Diesel  |  Anna Road H O, Chennai",Rs. 35 Lakh
2022 Jaguar F-type Coupe R-Dynamic 2.0 [2020-2023],"5,000 km  |  Petrol  |  Anna Road H O, Chennai",Rs. 1.19 Crore
2024 BMW 3 Series Gran Limousine 330Li M Sport,"20,000 km  |  Petrol  |  Anna Road H O, Chennai",Rs. 52 Lakh
2022 Porsche Macan S [2019-2020],"26,000 km  |  Petrol  |  Anna Road H O, Chennai",Rs. 69 Lakh
2020 BMW 5-Series 520d Luxury Line,"83,000 km  |  Diesel  |  Anna Road H O, Chennai",Rs. 37.5 Lakh
2015 Mercedes-Benz GLA 200 CDI Style,"74,000 km  |  Diesel  |  Anna Road H O, Chennai",Rs. 17.9 Lakh
2023 BMW iX xDrive 40,"16,500 km  |  Electric  |  Anna Road H O, Chennai",Rs. 90 Lakh
2023 BMW i4 eDrive40,"2,000 km  |  Electric  |  Anna Road H O, Chennai",Rs. 60 Lakh
2019 Lamborghini Urus Twin-Turbo V8,"28,000 km  |  Petrol  |  Anna Road H O, Chennai",Rs. 4 Crore
2024 MG Gloster Savvy 7 STR 2.0 Turbo 2WD,"6,000 km  |  Diesel  |  Anna Road H O, Chennai",Rs. 47.5 Lakh
2017 BMW 7-Series 730Ld DPE Signature,"1,11,500 km  |  Diesel  |  Anna Road H O, Chennai",Rs. 34.9 Lakh
2020 BMW 7-Series 730Ld DPE Signature,"32,000 km  |  Diesel  |  Anna Road H O, Chennai",Rs. 85 Lakh
2022 Mercedes-Benz E-Class E 350d AMG Line,"52,000 km  |  Diesel  |  Anna Road H O, Chennai",Rs. 62 Lakh
2020 BMW X6 xDrive40i M Sport [2020-2023],"53,000 km  |  Petrol  |  Anna Road H O, Chennai",Rs. 85 Lakh
2020 Mercedes-Benz G-Class G 63 AMG,"13,000 km  |  Petrol  |  Anna Road H O, Chennai",Rs. 3.1 Crore
2023 Skoda Slavia Style 1.5L TSI DSG,"18,000 km  |  Petrol  |  Anna Road H O, Chennai",Rs. 18 Lakh
2019 Porsche 911 Carrera S,"7,500 km  |  Petrol  |  Anna Road H O, Chennai",Rs. 2.1 Crore
2019 BMW X3 xDrive 20d Luxury Line [2018-2020],"43,000 km  |  Diesel  |  Anna Road H O, Chennai",Rs. 42 Lakh
2021 Audi Q8 55 TFSI quattro,"45,000 km  |  Petrol  |  Anna Road H O, Chennai",Rs. 70 Lakh
2023 Land Rover Range Rover Velar S R-Dynamic 2.0 Diesel,"29,000 km  |  Diesel  |  Anna Road H O, Chennai",Rs. 82 Lakh
2023 MG ZS EV Excite Pro,"7,600 km  |  Electric  |  Anna Road H O, Chennai",Rs. 20 Lakh
2025 Mahindra Be 6 Pack Two 59.0 kWh No Charger,"100 km  |  Electric  |  Anna Road H O, Chennai",Rs. 40 Lakh
2023 Jeep Wrangler Rubicon,"8,000 km  |  Petrol  |  Anna Road H O, Chennai",Rs. 73 Lakh
2023 Kia Seltos HTX 1.5 Diesel AT,"39,000 km  |  Diesel  |  T Nagar, Chennai",Rs. 15.3 Lakh
2024 Toyota Innova Hycross ZX (O) Hybrid (Electric + Petrol) Automatic (e-CVT) 7 STR,"12,000 km  |  Hybrid (Electric + Petrol)  |  T Nagar, Chennai",Rs. 35.5 Lakh
2021 Toyota Innova Crysta 2.4 G 8 STR [2016-2017],"67,000 km  |  Diesel  |  T Nagar, Chennai",Rs. 20.5 Lakh
2023 Hyundai Creta S Plus 1.5 Petrol Knight,"27,000 km  |  Petrol  |  T Nagar, Chennai",Rs. 12.6 Lakh
2019 Mercedes-Benz GLC 220d 4MATIC Progressive [2019-2021],"51,000 km  |  Diesel  |  T Nagar, Chennai",Rs. 41 Lakh
2021 Skoda Superb L&K TSI AT,"29,000 km  |  Petrol  |  T Nagar, Chennai",Rs. 28.9 Lakh
2016 Volkswagen Vento Highline 1.2 (P) AT,"65,000 km  |  Petrol  |  T Nagar, Chennai",Rs. 5.5 Lakh
2021 Toyota Innova Crysta GX 2.4 AT 7 STR,"78,000 km  |  Diesel  |  T Nagar, Chennai",Rs. 21.9 Lakh
2024 Mercedes-Benz E-Class E 220 d Avantgarde,"4,000 km  |  Diesel  |  T Nagar, Chennai",Rs. 77.5 Lakh
2021 Mercedes-Benz E-Class E 200 Expression,"14,000 km  |  Petrol  |  T Nagar, Chennai",Rs. 43.5 Lakh
2020 Jeep Compass Limited Plus 2.0 Diesel 4x4 AT,"42,000 km  |  Diesel  |  T Nagar, Chennai",Rs. 18.5 Lakh
2023 Honda Elevate ZX MT [2023-2025],"32,000 km  |  Petrol  |  T Nagar, Chennai",Rs. 14.5 Lakh
2023 Volkswagen Virtus GT Plus 1.5 TSI EVO DSG,"25,000 km  |  Petrol  |  T Nagar, Chennai",Rs. 16.5 Lakh
2022 Skoda Kushaq Style 1.5L TSI DSG (6 Airbags),"24,000 km  |  Petrol  |  T Nagar, Chennai",Rs. 13.3 Lakh
2022 MG Astor Savvy 1.5 CVT Ivory [2023-2024],"20,000 km  |  Petrol  |  T Nagar, Chennai",Rs. 13.75 Lakh
2023 Audi A4 Premium 40 TFSI [2021-2024],"15,000 km  |  Petrol  |  T Nagar, Chennai",Rs. 33 Lakh
2021 Jaguar I-Pace SE,"26,000 km  |  Electric  |  Anna Road H O, Chennai",Rs. 70 Lakh
2024 Citroen C3 Shine 1.2 Turbo Dual Tone,"19,000 km  |  Petrol  |  Goudiyamath Road, Chennai",Rs. 6.5 Lakh
2021 Audi RS5 Sportback [2021-2024],"16,000 km  |  Petrol  |  Anna Road H O, Chennai",Rs. 85 Lakh
2022 BMW X1 sDrive20d xLine,"20,000 km  |  Diesel  |  Anna Road H O, Chennai",Rs. 34 Lakh
2021 MG Hector Sharp 1.5 Petrol CVT,"69,000 km  |  Petrol  |  Anna Road H O, Chennai",Rs. 15 Lakh
2017 BMW 7-Series 730Ld DPE Signature,"32,000 km  |  Diesel  |  Anna Road H O, Chennai",Rs. 60 Lakh
2021 BMW X7 xDrive40i M Sport (Petrol),"19,500 km  |  Petrol  |  Anna Road H O, Chennai",Rs. 1.1 Crore
2024 BMW 5-Series 530Li M Sport (Aluminium Satinated),"10,000 km  |  Petrol  |  Anna Road H O, Chennai",Rs. 70 Lakh
2023 Volvo XC60 B5 Ultimate,"36,000 km  |  Petrol  |  Anna Road H O, Chennai",Rs. 59.5 Lakh
2023 MG ZS EV Excite Pro,"7,600 km  |  Electric  |  Anna Road H O, Chennai",Rs. 20 Lakh
2025 Mahindra Be 6 Pack Two 59.0 kWh No Charger,"100 km  |  Electric  |  Anna Road H O, Chennai",Rs. 40 Lakh
2023 Jeep Wrangler Rubicon,"8,000 km  |  Petrol  |  Anna Road H O, Chennai",Rs. 73 Lakh
2020 Mercedes-Benz S-Class S 450,"66,000 km  |  Petrol  |  Anna Road H O, Chennai",Rs. 85 Lakh
2017 Mercedes-Benz GLS 350 d,"55,000 km  |  Diesel  |  Anna Road H O, Chennai",Rs. 50 Lakh
2022 BMW 5-Series 520d Luxury Line,"42,000 km  |  Diesel  |  Anna Road H O, Chennai",Rs. 56 Lakh
2022 BMW 5-Series 520d Luxury Line,"29,000 km  |  Diesel  |  Anna Road H O, Chennai",Rs. 60 Lakh
2016 BMW 7-Series 730 Ld Signature,"77,000 km  |  Diesel  |  Anna Road H O, Chennai",Rs. 50 Lakh
2020 Mercedes-Benz GLE 300d 4MATIC LWB [2020-2023],"64,000 km  |  Diesel  |  Anna Road H O, Chennai",Rs. 55 Lakh
2017 Ford Mustang GT Fastback 5.0L v8,"16,000 km  |  Petrol  |  Anna Road H O, Chennai",Rs. 87 Lakh
2016 BMW X5 xDrive 30d M Sport,"84,000 km  |  Diesel  |  Anna Road H O, Chennai",Rs. 38.5 Lakh
2017 Volvo XC90 T8 Excellence (4 STR),"42,000 km  |  Petrol  |  Anna Road H O, Chennai",Rs. 70 Lakh
2023 Kia Seltos HTX 1.5 Diesel AT,"39,000 km  |  Diesel  |  T Nagar, Chennai",Rs. 15.3 Lakh
2024 Toyota Innova Hycross ZX (O) Hybrid (Electric + Petrol) Automatic (e-CVT) 7 STR,"12,000 km  |  Hybrid (Electric + Petrol)  |  T Nagar, Chennai",Rs. 35.5 Lakh
2021 Toyota Innova Crysta 2.4 G 8 STR [2016-2017],"67,000 km  |  Diesel  |  T Nagar, Chennai",Rs. 20.5 Lakh
2023 Hyundai Creta S Plus 1.5 Petrol Knight,"27,000 km  |  Petrol  |  T Nagar, Chennai",Rs. 12.6 Lakh
2019 Mercedes-Benz GLC 220d 4MATIC Progressive [2019-2021],"51,000 km  |  Diesel  |  T Nagar, Chennai",Rs. 41 Lakh
2021 Skoda Superb L&K TSI AT,"29,000 km  |  Petrol  |  T Nagar, Chennai",Rs. 28.9 Lakh
2016 Volkswagen Vento Highline 1.2 (P) AT,"65,000 km  |  Petrol  |  T Nagar, Chennai",Rs. 5.5 Lakh
2021 Toyota Innova Crysta GX 2.4 AT 7 STR,"78,000 km  |  Diesel  |  T Nagar, Chennai",Rs. 21.9 Lakh
2024 Mercedes-Benz E-Class E 220 d Avantgarde,"4,000 km  |  Diesel  |  T Nagar, Chennai",Rs. 77.5 Lakh
2021 Mercedes-Benz E-Class E 200 Expression,"14,000 km  |  Petrol  |  T Nagar, Chennai",Rs. 43.5 Lakh
2020 Jeep Compass Limited Plus 2.0 Diesel 4x4 AT,"42,000 km  |  Diesel  |  T Nagar, Chennai",Rs. 18.5 Lakh
2023 Honda Elevate ZX MT [2023-2025],"32,000 km  |  Petrol  |  T Nagar, Chennai",Rs. 14.5 Lakh
2022 MG Astor Savvy 1.5 CVT Ivory [2023-2024],"20,000 km  |  Petrol  |  T Nagar, Chennai",Rs. 13.75 Lakh
2023 Audi A4 Premium 40 TFSI [2021-2024],"15,000 km  |  Petrol  |  T Nagar, Chennai",Rs. 33 Lakh
2021 Jaguar I-Pace SE,"26,000 km  |  Electric  |  Anna Road H O, Chennai",Rs. 70 Lakh
2024 Citroen C3 Shine 1.2 Turbo Dual Tone,"19,000 km  |  Petrol  |  Goudiyamath Road, Chennai",Rs. 6.5 Lakh
2021 Audi RS5 Sportback [2021-2024],"16,000 km  |  Petrol  |  Anna Road H O, Chennai",Rs. 85 Lakh
2023 Hyundai Creta SX 1.5 Petrol [2020-2022],"7,000 km  |  Petrol  |  Goudiyamath Road, Chennai",Rs. 14.25 Lakh
2020 Mercedes-Benz GLE 300d 4MATIC LWB [2020-2023],"64,000 km  |  Diesel  |  Adyar, Chennai",Rs. 57 Lakh
2018 Mercedes-Benz E-Class E 220 d Avantgarde,"55,000 km  |  Diesel  |  Adyar, Chennai",Rs. 37 Lakh
2020 Hyundai Creta SX (O) 1.5 Diesel Automatic [2020-2022],"60,000 km  |  Diesel  |  Adyar, Chennai",Rs. 14.75 Lakh
2021 MG Hector Plus Sharp 1.5 Petrol Turbo CVT 6-STR,"34,000 km  |  Petrol  |  T Nagar, Chennai",Rs. 13.75 Lakh
2017 Jeep Compass Sport 2.0 Diesel,"64,000 km  |  Diesel  |  T Nagar, Chennai",Rs. 9.75 Lakh
2018 Mini Countryman Cooper S [2020-2021],"36,000 km  |  Petrol  |  T Nagar, Chennai",Rs. 30 Lakh
2012 BMW 3-Series 320d Prestige,"50,000 km  |  Diesel  |  T Nagar, Chennai",Rs. 11.7 Lakh
2023 Mercedes-Benz GLE 300d 4MATIC LWB [2020-2023],"12,000 km  |  Diesel  |  T Nagar, Chennai",Rs. 79 Lakh
2015 Mercedes-Benz GLE 350 d,"69,000 km  |  Diesel  |  T Nagar, Chennai",Rs. 28.5 Lakh
2023 MG Astor Super 1.5 CVT [2021-2023],"14,000 km  |  Petrol  |  T Nagar, Chennai",Rs. 12.15 Lakh
2014 Honda City SV CVT,"48,000 km  |  Petrol  |  T Nagar, Chennai",Rs. 5.95 Lakh
2018 Maruti Suzuki Ignis Delta 1.2 MT,"18,000 km  |  Petrol  |  Goudiyamath Road, Chennai",Rs. 5.5 Lakh
2018 Maruti Suzuki Celerio ZXi AMT [2017-2019],"15,000 km  |  Petrol  |  Goudiyamath Road, Chennai",Rs. 5.25 Lakh
2020 BMW 3-Series 330i Sport Line,"34,000 km  |  Petrol  |  Adyar, Chennai",Rs. 38 Lakh
2018 Mini Countryman Cooper S [2020-2021],"36,000 km  |  Petrol  |  Adyar, Chennai",Rs. 31.5 Lakh
2017 BMW X5 xDrive 30d,"60,700 km  |  Diesel  |  Adyar, Chennai",Rs. 39.5 Lakh
2020 Mercedes-Benz GLC 220d 4MATIC Progressive [2019-2021],"38,300 km  |  Diesel  |  Adyar, Chennai",Rs. 45 Lakh
2016 BMW X3 xDrive 30d M Sport [2015-2017],"62,000 km  |  Diesel  |  Adyar, Chennai",Rs. 30 Lakh
2023 Tata Altroz XZA Plus Petrol [2022-2023],"42,000 km  |  Petrol  |  Koyambedu, Chennai",Rs. 7 Lakh
2017 Volvo V40 D3 Kinetic,"98,196 km  |  Diesel  |  Koyambedu, Chennai",Rs. 14.5 Lakh
2022 Tata Safari XZA Plus,"19,650 km  |  Diesel  |  Koyambedu, Chennai",Rs. 20 Lakh
2015 Mercedes-Benz GL-Class 350 CDI,"1,09,122 km  |  Diesel  |  Koyambedu, Chennai",Rs. 35 Lakh
2018 BMW X5 xDrive 30d,"75,000 km  |  Diesel  |  Anna Road H O, Chennai",Rs. 42 Lakh
