Name,Price,Kilometers,Fuel
2023 Maruti Suzuki XL6 Alpha Plus AT Petrol [2022-2023],Rs. 11.5 Lakh,"56,123",Petrol
2023 Hyundai Aura SX 1.2 CNG,Rs. 6.85 Lakh,"34,900",CNG
2019 Maruti Suzuki XL6 Alpha AT Petrol,Rs. 10.59 Lakh,"35,806",Petrol
2024 Maruti Suzuki Grand Vitara Zeta Smart Hybrid AT [2023-2025],Rs. 14.99 Lakh,"5,680",Petrol
2016 Maruti Suzuki Baleno Zeta 1.2 AT,Rs. 4.99 Lakh,"34,036",Petrol
2022 Maruti Suzuki XL6 Zeta MT Petrol,Rs. 9.99 Lakh,"51,352",Petrol
2023 Maruti Suzuki Ertiga VXi (O) [2023-2025],Rs. 9.75 Lakh,"15,000",Petrol
2021 Toyota Fortuner 4x2 2WD Diesel 2.8L Turbo 6 Speed Manual,Rs. 34.75 Lakh,"28,000",Diesel
2021 Maruti Suzuki Ertiga VXI AT,Rs. 8.45 Lakh,"67,000",Petrol
2018 Renault Duster RXS CVT,Rs. 5.99 Lakh,"73,234",Petrol
2023 Mahindra XUV700 AX7 Luxury Pack 2WD Petrol 2.0L Turbo Automatic 7 STR,Rs. 18.95 Lakh,"31,000",Petrol
2021 Maruti Suzuki DZire ZXi AGS,Rs. 6.55 Lakh,"4,950",Petrol
2019 Tata Nexon XMA Petrol,Rs. 6.55 Lakh,"47,065",Petrol
2018 Skoda Kodiaq Style 2.0 TDI 4x4 AT,Rs. 20.5 Lakh,"45,289",Diesel
2020 Maruti Suzuki XL6 Alpha MT Petrol,Rs. 8.79 Lakh,"58,911",Petrol
2018 Tata Nexon XZ Plus,Rs. 6.75 Lakh,"37,829",Petrol
2023 Tata Safari XT Plus,Rs. 16.49 Lakh,"70,100",Diesel
2019 Maruti Suzuki Swift VXi AMT,Rs. 5.45 Lakh,"61,451",Petrol
2020 Renault Duster RXS Opt CVT,Rs. 6.49 Lakh,"62,214",Petrol
2023 Maruti Suzuki Ertiga VXi (O) [2023-2025],Rs. 10.59 Lakh,"20,700",Petrol
2017 Tata Tiago Revotron XM [2016-2019],Rs. 3.85 Lakh,"39,728",Petrol
2021 Mahindra Thar LX Convertible Top Petrol AT 4WD,Rs. 12.45 Lakh,"23,000",Petrol
2018 Maruti Suzuki Ertiga VXi,Rs. 7.25 Lakh,"44,959",Petrol
2021 Maruti Suzuki Ertiga ZXi Plus,Rs. 9.5 Lakh,"26,000",Petrol
2021 Maruti Suzuki XL6 Zeta MT Petrol,Rs. 8.99 Lakh,"47,562",Petrol
2018 Maruti Suzuki Baleno Alpha Automatic,Rs. 5.85 Lakh,"41,158",Petrol
2018 Jeep Compass Limited 1.4 Petrol AT [2017-2020],Rs. 9.45 Lakh,"40,626",Petrol
2022 Maruti Suzuki XL6 Zeta MT Petrol,Rs. 9.9 Lakh,"35,614",Petrol
2022 MG Hector Sharp 2.0 Diesel Turbo MT,Rs. 14.51 Lakh,"31,023",Diesel
2019 Maruti Suzuki Baleno Zeta,Rs. 6.65 Lakh,"46,717",Petrol
2018 Maruti Suzuki Baleno Delta 1.2 AT,Rs. 5.25 Lakh,"46,013",Petrol
2018 Maruti Suzuki Baleno Zeta 1.2,Rs. 5.35 Lakh,"37,530",Petrol
2019 Maruti Suzuki Baleno Delta 1.2 AT,Rs. 5.91 Lakh,"29,358",Petrol
2018 BMW X1 sDrive20d xLine,Rs. 22.5 Lakh,"64,843",Diesel
2021 Maruti Suzuki XL6 Alpha AT Petrol,Rs. 10.5 Lakh,"35,757",Petrol
2022 Skoda Kushaq Ambition 1.0L TSI AT,Rs. 10.95 Lakh,"40,139",Petrol
2021 Maruti Suzuki Ertiga ZXi Plus,Rs. 9.85 Lakh,"16,377",Petrol
2018 Mahindra XUV500 W11 (O) AWD AT,Rs. 12.49 Lakh,"45,869",Diesel
2023 Mahindra Thar LX Hard Top Petrol AT RWD,Rs. 13.25 Lakh,"19,884",Petrol
2019 Maruti Suzuki Swift VXi AMT,Rs. 5.95 Lakh,"43,511",Petrol
2023 Skoda Kodiaq L&K 4X4 [2022],Rs. 37 Lakh,"13,112",Petrol
2017 Mercedes-Benz GLC 220 d Progressive,Rs. 29.5 Lakh,"54,568",Diesel
2019 Maruti Suzuki Vitara Brezza ZDi AGS,Rs. 8.75 Lakh,"48,277",Diesel
2021 Maruti Suzuki XL6 Zeta MT Petrol,Rs. 8.75 Lakh,"62,773",Petrol
2019 Maruti Suzuki S-Cross Delta 1.3,Rs. 7.95 Lakh,"37,920",Diesel
2017 Skoda Rapid Ultima Elegance 1.6 MPI AT,Rs. 5.55 Lakh,"64,165",Petrol
2021 Jeep Compass Limited (O) 1.4 Petrol AT [2017-2020],Rs. 16.25 Lakh,"32,000",Petrol
2023 Mahindra XUV700 AX 7 Diesel AT 7 STR [2021],Rs. 21.7 Lakh,"7,000",Diesel
2019 Maruti Suzuki Ertiga ZDI + SHVS,Rs. 10.95 Lakh,"36,000",Diesel
2024 Tata Safari Accomplished Plus Dual Tone AT 7 STR,Rs. 25.65 Lakh,"16,800",Diesel
2017 Maruti Suzuki Ciaz Alpha 1.4 AT,Rs. 7.11 Lakh,"66,000",Petrol
2019 Skoda Kodiaq Style 2.0 TDI 4x4 AT,Rs. 20 Lakh,"76,000",Diesel
2019 MG Hector Sharp 1.5 DCT Petrol [2019-2020],Rs. 10.35 Lakh,"46,000",Petrol
2021 Hyundai Aura S 1.2 CNG,Rs. 6.25 Lakh,"33,000",CNG
2023 Toyota Fortuner 4X2 AT 2.8 Diesel,Rs. 39.95 Lakh,"39,500",Diesel
2024 Maruti Suzuki Grand Vitara Alpha Plus Intelligent Hybrid e-CVT,Rs. 19.75 Lakh,"21,000",Hybrid (Electric + Petrol)
2019 Maruti Suzuki Vitara Brezza ZDi AGS,Rs. 8.75 Lakh,"48,000",Diesel
2022 Hyundai Alcazar Signature (O) 7 Seater 1.5 Diesel AT,Rs. 17.75 Lakh,"61,000",Diesel
2023 Toyota Innova Hycross VX Hybrid (Electric + Petrol) Automatic (e-CVT) 7 STR,Rs. 27.75 Lakh,"14,000",Hybrid (Electric + Petrol)
2023 Tata Safari XZA,Rs. 16.5 Lakh,"70,000",Diesel
2017 BMW 3 Series GT 320d Luxury Line,Rs. 18.85 Lakh,"68,000",Diesel
2023 Tata Safari Accomplished Plus 6 STR Dark Edition AT,Rs. 24.95 Lakh,"4,700",Diesel
2021 Jeep Compass Longitude (O) 1.4 Petrol AT,Rs. 16 Lakh,"31,990",Petrol
2017 Maruti Suzuki Ciaz Zeta 1.4 AT,Rs. 5.95 Lakh,"80,000",Petrol
2023 Skoda Slavia Style 1.5L TSI DSG,Rs. 15.45 Lakh,"22,900",Petrol
2022 Tata Nexon EV XZ Plus Dark Edition,Rs. 9.75 Lakh,"18,000",Electric
2018 Mahindra XUV500 W10,Rs. 9.65 Lakh,"49,000",Diesel
2019 Honda Civic ZX CVT Petrol [2019-2020],Rs. 12.9 Lakh,"19,000",Petrol
2017 Tata Tiago Revotron XZ,Rs. 3.95 Lakh,"15,000",Petrol
2018 Maruti Suzuki Celerio X Zxi [2017-2019],Rs. 4.95 Lakh,"40,000",Petrol
2022 Toyota Innova Crysta VX 2.4 8 STR,Rs. 24.95 Lakh,"34,699",Diesel
2025 Mahindra XUV700 AX7 Luxury Pack 2WD Diesel 2.2L Turbo Automatic 7 STR,Rs. 27.25 Lakh,"2,157",Diesel
2025 Mahindra Thar Roxx AX7 L Diesel AT 4WD,Rs. 26.45 Lakh,"8,609",Diesel
2023 Kia Carnival Limousine Plus 7 STR,Rs. 38.5 Lakh,"37,736",Diesel
2019 Toyota Camry Hybrid,Rs. 27.5 Lakh,"43,089",Hybrid (Electric + Petrol)
2021 Hyundai Venue SX Plus 1.0 Turbo DCT,Rs. 9.3 Lakh,"32,700",Petrol
2016 Maruti Suzuki Baleno Alpha 1.2,Rs. 4.9 Lakh,"51,190",Petrol
2020 Kia Sonet GTX Plus 1.0 DCT Dual Tone,Rs. 9.91 Lakh,"45,101",Petrol
2018 Hyundai Creta SX Plus 1.6 AT Petrol,Rs. 8.85 Lakh,"55,371",Petrol
2020 Kia Seltos HTK Plus AT 1.5 Diesel [2020-2021],Rs. 11.9 Lakh,"44,288",Diesel
2016 Hyundai Grand i10 Asta AT 1.2 Kappa VTVT [2013-2016],Rs. 4.41 Lakh,"22,526",Petrol
2020 Toyota Innova Crysta 2.4 ZX AT 7 STR,Rs. 21.75 Lakh,"76,003",Diesel
2017 Hyundai Elantra SX (O) 2.0 AT,Rs. 8.85 Lakh,"41,104",Petrol
2018 Hyundai Elite i20 Sportz 1.4 CRDi,Rs. 5.9 Lakh,"75,586",Diesel
2018 Maruti Suzuki Ignis Delta 1.2 AMT,Rs. 4.5 Lakh,"30,110",Petrol
2021 Tata Harrier XTA Plus Dark Edition,Rs. 14.55 Lakh,"53,620",Diesel
2022 Tata Punch Creative Dual Tone AMT [2022-2023],Rs. 7.25 Lakh,"19,992",Petrol
2019 Jeep Compass Longitude (O) 2.0 Diesel [2017-2020],Rs. 11.99 Lakh,"46,190",Diesel
2022 Tata Harrier XTA Plus,Rs. 15.95 Lakh,"31,653",Diesel
2022 Hyundai Creta E 1.5 Petrol,Rs. 9.6 Lakh,"43,133",Petrol
2017 Skoda Octavia 1.8 TSI Style Plus AT [2017],Rs. 7.99 Lakh,"66,126",Petrol
2017 Hyundai Grand i10 Sportz 1.2 Kappa VTVT [2016-2017],Rs. 4.25 Lakh,"37,700",Petrol
2023 Honda City V Petrol MT [2023-2025],Rs. 9.95 Lakh,"23,138",Petrol
2022 Honda City V Petrol,Rs. 9.5 Lakh,"33,607",Petrol
2023 Toyota Fortuner 4x2 2WD Diesel 2.8L Turbo Automatic,Rs. 39.75 Lakh,"40,407",Diesel
2020 Mahindra XUV500 W11 AT,Rs. 14.95 Lakh,"30,244",Diesel
2020 Hyundai Venue SX Plus 1.0 Turbo DCT,Rs. 8.4 Lakh,"36,696",Petrol
2017 Hyundai Creta SX Plus 1.6 AT Petrol,Rs. 7.45 Lakh,"59,200",Petrol
2018 Hyundai Tucson GL 2WD AT Petrol,Rs. 11.25 Lakh,"60,891",Petrol
2021 Mahindra XUV500 W7 [2018-2020],Rs. 9.99 Lakh,"86,599",Diesel
2019 Jeep Compass Limited Plus Petrol AT [2018-2020],Rs. 10.99 Lakh,"70,222",Petrol
2021 Tata Harrier XZA,Rs. 15.49 Lakh,"34,896",Diesel
2018 Skoda Octavia 1.8 TSI L&K,Rs. 12.99 Lakh,"45,090",Petrol
2018 Hyundai Creta E Plus 1.6 Petrol,Rs. 6.85 Lakh,"8,76,550",Petrol
2022 Kia Carnival Limousine Plus 7 STR,Rs. 31.5 Lakh,"52,931",Diesel
2016 Toyota Etios Liva G,Rs. 4.2 Lakh,"39,446",Petrol
2017 Volkswagen Tiguan Highline TDI,Rs. 15.75 Lakh,"85,924",Diesel
2022 Honda City VX Petrol,Rs. 10.5 Lakh,"39,206",Petrol
2019 Maruti Suzuki Swift VXi AMT,Rs. 4.9 Lakh,"52,123",Petrol
2018 Skoda Kodiaq Style 2.0 TDI 4x4 AT,Rs. 21.75 Lakh,"46,846",Diesel
2019 Hyundai Creta 1.6 SX Plus AT Petrol,Rs. 10.8 Lakh,"43,848",Petrol
2022 MG Astor Savvy 1.5 CVT Ivory [2023-2024],Rs. 13.65 Lakh,"21,544",Petrol
2020 Hyundai Elite i20 Sportz 1.2 IVT [2020-2023],Rs. 7.49 Lakh,"32,038",Petrol
2023 MG Astor Savvy 1.3 Turbo AT S Red [2021-2023],Rs. 13.75 Lakh,"32,703",Petrol
2023 Hyundai Creta SX (O) 1.4 Turbo 7 DCT [2020-2022],Rs. 15.91 Lakh,"21,262",Petrol
2022 BMW 3-Series 330i M Sport Edition,Rs. 39 Lakh,"29,130",Petrol
2024 Maruti Suzuki Baleno Alpha AGS [2022-2023],Rs. 8.9 Lakh,"9,782",Petrol
2024 Kia Seltos GTX Plus 1.5 Diesel AT,Rs. 19.75 Lakh,"20,700",Diesel
2022 Volvo XC90 T8 Inscription,Rs. 67.5 Lakh,"21,958",Petrol
2021 Kia Seltos GTX Plus AT 1.4 [2019-2020],Rs. 12.99 Lakh,"41,123",Petrol
2018 Hyundai Creta SX Plus 1.6 AT Petrol,Rs. 7.99 Lakh,"80,437",Petrol
2022 Kia Carnival Limousine Plus 7 STR,Rs. 33.99 Lakh,"37,194",Diesel
2020 Toyota Fortuner 2.8 4x4 AT,Rs. 32.9 Lakh,"81,200",Diesel
2020 Hyundai Tucson GLS 2WD AT Petrol,Rs. 15.95 Lakh,"27,781",Petrol
2022 MG Hector Sharp 1.5 Petrol CVT,Rs. 12.95 Lakh,"19,465",Petrol
2023 Skoda Slavia Style 1.0L TSI AT,Rs. 12.95 Lakh,"29,938",Petrol
2019 Maruti Suzuki Celerio ZXi (O) AMT [2019-2020],Rs. 4.5 Lakh,"31,118",Petrol
2023 Tata Safari XZA Plus,Rs. 17.91 Lakh,"30,030",Diesel
2018 Honda WR-V VX MT Diesel,Rs. 6.9 Lakh,"16,117",Diesel
2019 Toyota Corolla Altis VL AT Petrol,Rs. 11.75 Lakh,"46,782",Petrol
2022 Renault Triber RXT [2019-2020],Rs. 4.99 Lakh,"16,385",Petrol
2019 Hyundai Venue SX 1.4 CRDi,Rs. 7.99 Lakh,"45,791",Diesel
2021 Maruti Suzuki Wagon R ZXi 1.2,Rs. 4.5 Lakh,"50,471",Petrol
2020 Kia Sonet HTK Plus 1.2 [2020-2021],Rs. 6.95 Lakh,"23,713",Petrol
2022 Kia Seltos GTX Plus 1.5 Diesel AT,Rs. 16.5 Lakh,"37,337",Diesel
2018 Skoda Octavia 1.8 TSI L&K,Rs. 12.75 Lakh,"52,179",Petrol
2022 Kia Seltos GTX Plus 1.4 DCT,Rs. 15.45 Lakh,"31,257",Petrol
2017 Hyundai Grand i10 Sportz 1.2 Kappa VTVT [2016-2017],Rs. 4 Lakh,"50,492",Petrol
2018 Skoda Octavia 1.8 TSI L&K,Rs. 12.75 Lakh,"61,323",Petrol
2018 Hyundai Creta SX 1.6 AT Petrol,Rs. 9.45 Lakh,"42,399",Petrol
2022 Jeep Compass Model S (O) Diesel 4x4 AT,Rs. 20.5 Lakh,"42,831",Diesel
2018 Maruti Suzuki Vitara Brezza VDi,Rs. 7.35 Lakh,"59,726",Diesel
2021 Kia Sonet GTX Plus 1.5 AT [2020-2021],Rs. 11.5 Lakh,"23,148",Diesel
2017 Tata Tiago Revotorq XE [2016-2019],Rs. 2.99 Lakh,"63,100",Diesel
2017 Jeep Compass Limited 1.4 Petrol AT [2017-2020],Rs. 8.5 Lakh,"26,423",Petrol
2020 Kia Carnival Limousine Plus 7 STR,Rs. 24.99 Lakh,"72,295",Diesel
2022 Kia Seltos HTX 1.5 IVT,Rs. 13.29 Lakh,"38,982",Petrol
2023 Honda Amaze 1.2 S i-VTEC,Rs. 6.39 Lakh,"24,602",Petrol
2018 Hyundai Creta 1.6 SX Plus AT Petrol,Rs. 8.49 Lakh,"45,870",Petrol
2019 Hyundai Creta SX 1.6 AT Petrol,Rs. 9.49 Lakh,"50,458",Petrol
2022 Honda City VX CVT Petrol,Rs. 11.45 Lakh,"28,181",Petrol
2017 Hyundai Elantra 2.0 SX AT,Rs. 8.25 Lakh,"58,141",Petrol
2023 Renault Kiger RXT (O) Turbo CVT,Rs. 7.75 Lakh,"16,009",Petrol
2018 Maruti Suzuki Ciaz Zeta 1.4 AT,Rs. 6.65 Lakh,"50,805",Petrol
2023 Tata Altroz XZA Plus Petrol [2022-2023],Rs. 7.95 Lakh,"7,604",Petrol
2020 Hyundai Venue S 1.2 Petrol,Rs. 6.75 Lakh,"39,879",Petrol
2020 Honda City V CVT Petrol [2017-2019],Rs. 8.85 Lakh,"59,274",Petrol
2019 Volkswagen Vento Highline Petrol,Rs. 6.45 Lakh,"25,496",Petrol
2021 Hyundai Elite i20 Sportz 1.2 IVT [2020-2023],Rs. 7 Lakh,"39,801",Petrol
2019 Mahindra XUV300 1.2 W4 [2019-2019],Rs. 5.99 Lakh,"86,798",Petrol
2014 Maruti Suzuki Celerio VXi CNG [2019-2020],Rs. 3.25 Lakh,"39,140",CNG
2021 Mahindra XUV500 W7 [2018-2020],Rs. 10.25 Lakh,"89,587",Diesel
2019 MG Hector Smart 1.5 DCT Petrol [2019-2020],Rs. 10.5 Lakh,"54,929",Petrol
2023 Skoda Kodiaq Sportline [2022],Rs. 29.75 Lakh,"41,573",Petrol
2023 Hyundai Creta SX (O) 1.5 Petrol CVT,Rs. 16.75 Lakh,"16,139",Petrol
2021 Skoda Octavia L&K 2.0,Rs. 22.75 Lakh,"18,501",Petrol
2017 Maruti Suzuki DZire ZDi,Rs. 6.49 Lakh,"44,302",Diesel
2024 Volkswagen Virtus Topline 1.0 TSI AT,Rs. 12.75 Lakh,"30,343",Petrol
2021 Tata Harrier XZA Plus Dual Tone,Rs. 13.5 Lakh,"64,387",Diesel
2015 Volkswagen Polo GT TSI,Rs. 5.45 Lakh,"65,183",Petrol
2017 Honda Jazz VX Petrol,Rs. 4.9 Lakh,"33,997",Petrol
2016 Volkswagen Polo GT TSI,Rs. 5.75 Lakh,"48,106",Petrol
2019 Honda City V CVT Petrol [2017-2019],Rs. 7.45 Lakh,"19,274",Petrol
2022 Skoda Kushaq Style 1.0L TSI AT,Rs. 12.75 Lakh,"32,619",Petrol
2023 Hyundai Creta SX (O) 1.5 Petrol CVT,Rs. 17.25 Lakh,"20,535",Petrol
2019 Audi A6 35 TDI Matrix,Rs. 23.95 Lakh,"35,720",Diesel
2024 Hyundai Elite i20 Asta 1.2 MT [2023-2025],Rs. 7.95 Lakh,"20,612",Petrol
2023 Kia Sonet GTX Plus 1.5 Diesel iMT,Rs. 11.95 Lakh,"30,866",Diesel
2019 Hyundai Venue SX 1.4 CRDi,Rs. 8.99 Lakh,"34,499",Diesel
2023 Maruti Suzuki Ciaz Alpha Hybrid 1.5 AT [2018-2020],Rs. 9.21 Lakh,"36,277",Petrol
2020 Skoda Rapid Active 1.0 TSI AT,Rs. 6.5 Lakh,"42,668",Petrol
2023 Tata Nexon XZA Plus (Premium) Jet,Rs. 9.49 Lakh,"24,435",Petrol
2021 Hyundai Venue SX Plus 1.0 Turbo DCT,Rs. 8.75 Lakh,"34,369",Petrol
2021 Toyota Glanza V Petrol Manual,Rs. 5.95 Lakh,"48,434",Petrol
2015 Maruti Suzuki Ertiga Vxi CNG,Rs. 5.99 Lakh,"56,921",CNG
2018 Hyundai Elite i20 Asta 1.2 AT,Rs. 5.75 Lakh,"39,478",Petrol
2022 Tata Altroz XZA Plus Petrol [2022-2023],Rs. 6.75 Lakh,"17,222",Petrol
2016 Honda BR-V V Petrol,Rs. 5.49 Lakh,"52,649",Petrol
2018 Toyota Innova Crysta 2.4 VX 8 STR [2016-2020],Rs. 16.95 Lakh,"60,832",Diesel
2016 Honda City V,Rs. 4.6 Lakh,"55,102",Petrol
2022 Skoda Slavia Ambition 1.0L TSI MT,Rs. 10.75 Lakh,"27,719",Petrol
2017 Hyundai Elite i20 Asta 1.2 (O) [2016],Rs. 5.1 Lakh,"32,211",Petrol
2021 Hyundai Elite i20 Sportz 1.2 MT [2020-2023],Rs. 5.95 Lakh,"57,216",Petrol
2021 Mahindra XUV300 W8 (O) 1.5 Diesel AMT,Rs. 8.49 Lakh,"77,985",Diesel
2018 Maruti Suzuki Celerio ZXi (O) AMT [2019-2020],Rs. 4.5 Lakh,"25,400",Petrol
2019 Maruti Suzuki Celerio X Zxi AMT [2017-2019],Rs. 4.7 Lakh,"10,924",Petrol
2015 BMW 5-Series 520d Luxury Line,Rs. 19.25 Lakh,"50,200",Diesel
2014 Mahindra XUV500 W8,Rs. 5.49 Lakh,"39,600",Diesel
2011 Hyundai i10 Magna 1.2 Kappa2,Rs. 2.55 Lakh,"30,700",Petrol
2025 Mercedes-Benz S-Class S 350D [2018-2020],Rs. 1.75 Crore,"1,663",Diesel
2015 Volkswagen Vento TSI,Rs. 5.25 Lakh,"49,000",Petrol
2015 Maruti Suzuki Wagon R VXI,Rs. 3.45 Lakh,"47,300",Petrol
2017 Maruti Suzuki Wagon R VXI+,Rs. 4 Lakh,"32,500",Petrol
2021 Maruti Suzuki Baleno Delta 1.2,Rs. 6.75 Lakh,"45,900",Petrol
2018 Toyota Corolla Altis G AT Petrol,Rs. 9 Lakh,"44,200",Petrol
2022 Kia Carnival Limousine 7 STR,Rs. 35 Lakh,"20,400",Diesel
2023 Land Rover Range Rover Velar HSE Dynamic 2.0 Petrol,Rs. 79.9 Lakh,"20,800",Petrol
2024 Hyundai Creta SX (O) 1.5 Turbo DCT Dual Tone,Rs. 18.75 Lakh,"13,800",Petrol
2023 Tata Nexon Fearless Plus (S) 1.5 Diesel 6AMT Dual Tone [2023-2025],Rs. 13 Lakh,"19,580",Diesel
2019 Mercedes-Benz V-Class Expression ELWB [2019-2020],Rs. 65 Lakh,"24,390",Diesel
2015 Hyundai Elite i20 Asta 1.2,Rs. 4.75 Lakh,"52,000",Petrol
2015 Mercedes-Benz E-Class E200 [2024-2025],Rs. 13.9 Lakh,"65,600",Petrol
2022 Hyundai Venue SX Plus 1.0 Turbo DCT,Rs. 10.1 Lakh,"23,300",Petrol
2022 Tata Nexon EV XZ Plus,Rs. 8.15 Lakh,"59,000",Electric
2012 BMW 3-Series 320d,Rs. 5 Lakh,"94,500",Diesel
2021 Land Rover Range Rover Velar S R-Dynamic 2.0 Petrol,Rs. 55 Lakh,"31,000",Petrol
2025 Volvo XC60 B5 Ultimate,Rs. 67.95 Lakh,"2,700",Petrol
2021 Land Rover Range Rover Velar 2.0 R-Dynamic S Petrol 250 [2017-2020],Rs. 63 Lakh,"18,800",Petrol
2019 Mercedes-Benz CLA 200 CDI Sport,Rs. 19.5 Lakh,"32,000",Diesel
2016 Toyota Camry 2.5L AT,Rs. 9 Lakh,"94,600",Petrol
2018 Hyundai Grand i10 Sports Edition 1.2L Kappa VTVT,Rs. 4.85 Lakh,"40,113",Petrol
2019 Mahindra Marazzo M4 7 STR,Rs. 7.25 Lakh,"70,034",Diesel
2014 Maruti Suzuki Swift DZire VDI,Rs. 4.85 Lakh,"1,26,614",Diesel
2017 Skoda Superb L&K TSI AT,Rs. 12.7 Lakh,"60,315",Petrol
2018 Jeep Compass Limited 1.4 Petrol AT [2017-2020],Rs. 8.95 Lakh,"42,296",Petrol
2018 Toyota Innova Crysta 2.4 VX 8 STR [2016-2020],Rs. 16.9 Lakh,"1,11,099",Diesel
2012 BMW 5-Series 520d Sedan,Rs. 10.5 Lakh,"68,572",Diesel
2016 Hyundai Creta 1.6 SX Plus AT,Rs. 7.95 Lakh,"89,761",Diesel
2020 Tata Tiago XZA Plus [2020-2023],Rs. 4.95 Lakh,"55,243",Petrol
2019 Tata Tigor Revotron XTA,Rs. 4.85 Lakh,"45,728",Petrol
2022 Mahindra Thar LX Hard Top Diesel AT 4WD [2023],Rs. 13.85 Lakh,"54,793",Diesel
2022 Tata Safari XZA Plus,Rs. 16.8 Lakh,"33,246",Diesel
2020 Maruti Suzuki XL6 Alpha AT Petrol,Rs. 9.95 Lakh,"69,620",Petrol
2022 Hyundai Venue SX (O) 1.0 Turbo DCT,Rs. 9.65 Lakh,"17,000",Petrol
2018 Mercedes-Benz GLC 300 Progressive,Rs. 27.9 Lakh,"50,000",Petrol
Name,Price,Kilometers,Fuel
2022 Skoda Slavia Style 1.0L TSI AT,Rs. 12.75 Lakh,"48,707",Petrol
2018 Hyundai Creta SX 1.6 Petrol,Rs. 8.25 Lakh,"57,279",Petrol
2021 Tata Nexon XZ,Rs. 6.95 Lakh,"48,874",Petrol
2022 Mahindra Thar LX Hard Top Diesel MT,Rs. 15 Lakh,"29,469",Diesel
2018 Hyundai Creta SX 1.6 Petrol,Rs. 8.5 Lakh,"26,432",Petrol
2021 Honda Jazz ZX CVT,Rs. 7.99 Lakh,"29,487",Petrol
2021 Hyundai Creta SX 1.5 Petrol Executive,Rs. 11.95 Lakh,"27,125",Petrol
2022 Skoda Slavia Style 1.5L TSI DSG,Rs. 13.95 Lakh,"38,969",Petrol
2021 Maruti Suzuki DZire VXi,Rs. 5.65 Lakh,"17,622",Petrol
2022 Tata Harrier XTA Plus,Rs. 16.11 Lakh,"39,900",Diesel
2022 Tata Altroz XM Plus (S),Rs. 6 Lakh,"68,669",Petrol
2019 Honda WR-V VX MT Petrol,Rs. 6.8 Lakh,"61,004",Petrol
2020 Kia Seltos HTX IVT 1.5 [2019-2020],Rs. 11.95 Lakh,"39,165",Petrol
2022 Hyundai Creta S Plus 1.5 Petrol Knight,Rs. 13.2 Lakh,"37,190",Petrol
2021 Maruti Suzuki DZire ZXi AGS,Rs. 6.75 Lakh,"73,147",Petrol
2020 Tata Harrier XZA Plus,Rs. 15.75 Lakh,"78,814",Diesel
2020 Kia Seltos HTK Plus 1.5 [2019-2020],Rs. 10.2 Lakh,"36,962",Petrol
2019 Hyundai Verna EX 1.4 VTVT,Rs. 8.11 Lakh,"22,930",Petrol
2014 Honda City VX CVT,Rs. 5.5 Lakh,"47,570",Petrol
2024 Kia Seltos HTK Plus 1.5 Diesel AT,Rs. 18.5 Lakh,"19,000",Diesel
2020 Hyundai Creta S 1.5 Petrol [2020-2022],Rs. 10.25 Lakh,"22,946",Petrol
2018 Hyundai Verna SX (O)1.6 VTVT,Rs. 8.3 Lakh,"79,372",Petrol
2023 Tata Punch Adventure AMT [2021-2023],Rs. 6.95 Lakh,"29,852",Petrol
2019 Ford Ecosport Titanium 1.5L TDCi,Rs. 8 Lakh,"80,000",Diesel
2017 Maruti Suzuki Baleno Delta 1.2 AT,Rs. 5.25 Lakh,"23,247",Petrol
2021 Mercedes-Benz S-Class S 350 CDI Connoisseurs Edition,Rs. 1.23 Crore,"30,000",Diesel
2024 Mercedes-Benz GLC 220d 4MATIC,Rs. 75 Lakh,"12,500",Diesel
2024 Mercedes-Benz GLE 300d 4MATIC LWB [2020-2023],Rs. 97 Lakh,"9,000",Diesel
2018 Mercedes-Benz CLA 200 Petrol Sport,Rs. 22.5 Lakh,"13,500",Petrol
2023 Porsche Macan Base [2021-2023],Rs. 89 Lakh,"16,500",Petrol
2018 Mercedes-Benz CLA 200 Petrol Sport,Rs. 21.5 Lakh,"63,000",Petrol
2019 Mercedes-Benz CLA 200 Petrol Sport,Rs. 25 Lakh,"37,500",Petrol
2022 Mercedes-Benz S-Class S 350d,Rs. 1.23 Crore,"30,000",Diesel
2025 Mercedes-Benz GLC 220d 4MATIC Progressive,Rs. 75 Lakh,"12,500",Diesel
2018 Mercedes-Benz GLA 200 d Sport,Rs. 23 Lakh,"60,000",Diesel
2025 Lexus LM 350h 4 STR Ultra Luxury,Rs. 2.99 Crore,"1,500",Hybrid (Electric + Petrol)
2020 Mercedes-Benz S-Class Maybach S 560,Rs. 1.05 Crore,"70,000",Petrol
2017 Mercedes-Benz GLA 200d Urban Edition,Rs. 23 Lakh,"60,000",Diesel
2022 Mercedes-Benz S-Class S 350d,Rs. 1.3 Crore,"31,000",Diesel
2017 Toyota Innova Crysta 2.4 VX 7 STR [2016-2020],Rs. 16.35 Lakh,"52,907",Diesel
2018 Honda BR-V S Petrol,Rs. 6.25 Lakh,"52,774",Petrol
2017 Ford Ecosport Titanium 1.5L Ti-VCT,Rs. 4.99 Lakh,"41,446",Petrol
2017 Toyota Innova Crysta 2.4 Z 7 STR,Rs. 17.5 Lakh,"1,07,486",Diesel
2015 Hyundai Elite i20 Sportz 1.2 (O),Rs. 4.75 Lakh,"34,255",Petrol
2015 Skoda Octavia Ambition 2.0 TDI AT,Rs. 8.5 Lakh,"82,334",Diesel
2015 Hyundai Grand i10 Asta AT 1.2 Kappa VTVT [2013-2016],Rs. 4.55 Lakh,"24,252",Petrol
2023 Mahindra Thar LX Hard Top Diesel AT 4WD [2023],Rs. 15.37 Lakh,"16,725",Diesel
2019 Maruti Suzuki Alto 800 Vxi,Rs. 3.33 Lakh,"26,757",Petrol
2023 BYD Atto 3 Superior [2024-2025],Rs. 28 Lakh,"38,000",Electric
2022 Mercedes-Benz GLC 220d 4MATIC Progressive,Rs. 48 Lakh,"44,000",Diesel
2019 Tata Nexon XZ Plus Diesel,Rs. 7.48 Lakh,"52,350",Diesel
2015 Maruti Suzuki Alto 800 Lxi (Airbag) [2012-2015],Rs. 2.53 Lakh,"42,168",Petrol
2021 Kia Carnival Limousine 7 STR,Rs. 26 Lakh,"1,25,000",Diesel
2021 Mahindra XUV500 W5 [2018-2020],Rs. 10.22 Lakh,"53,762",Diesel
2018 BMW 5-Series 530d M Sport [2017-2019],Rs. 38 Lakh,"51,000",Diesel
2017 Hyundai Elite i20 Asta 1.2 (O) [2016],Rs. 5.75 Lakh,"55,352",Petrol
2018 Maruti Suzuki Ciaz Delta 1.4 MT,Rs. 5.92 Lakh,"31,095",Petrol
2022 Maruti Suzuki DZire ZXi Plus,Rs. 7.22 Lakh,"29,656",Petrol
2018 Toyota Prado VX L,Rs. 84 Lakh,"87,500",Diesel
2014 Ford Ecosport Titanium 1.0 Ecoboost,Rs. 4.59 Lakh,"47,373",Petrol
2018 Mercedes-Benz GLA 200 d Sport,Rs. 25 Lakh,"25,000",Diesel
2018 Mercedes-Benz GLS 350 d,Rs. 43 Lakh,"1,02,000",Diesel
2014 Maruti Suzuki Ertiga ZXi,Rs. 6.25 Lakh,"70,500",Petrol
2021 Hyundai Grand i10 NIOS Sportz AMT 1.2 Kappa VTVT,Rs. 6.5 Lakh,"18,265",Petrol
2022 Kia Seltos GTX Plus 1.5 Diesel AT,Rs. 14.9 Lakh,"48,750",Diesel
2021 Tata Nexon XMA,Rs. 7.08 Lakh,"61,919",Petrol
2021 Tata Nexon XZA Plus (O) Diesel,Rs. 9.94 Lakh,"47,616",Diesel
2021 Hyundai Venue SX 1.0 Turbo,Rs. 7.43 Lakh,"44,059",Petrol
2017 Volkswagen Tiguan Highline TDI,Rs. 14.75 Lakh,"98,000",Diesel
2015 BMW 3 Series GT 320d Luxury Line [2014-2016],Rs. 11.99 Lakh,"87,000",Diesel
2023 Kia Seltos GTX Plus 1.5 Turbo Petrol DCT [2023-2024],Rs. 17.8 Lakh,"24,900",Petrol
2023 Renault Triber RXT,Rs. 5.78 Lakh,"30,719",Petrol
2020 Volkswagen Polo GT,Rs. 7.89 Lakh,"52,098",Petrol
2017 Maruti Suzuki Ciaz Alpha 1.4 AT,Rs. 6.08 Lakh,"72,392",Petrol
2021 Hyundai Venue SX (O) 1.0 Turbo iMT,Rs. 8.46 Lakh,"45,414",Petrol
2023 Hyundai Venue S 1.2 Petrol [2023],Rs. 7.6 Lakh,"12,933",Petrol
2020 Tata Nexon XZA Plus (S) [2022-2023],Rs. 8.42 Lakh,"23,876",Petrol
2022 Kia Sonet HTX 1.0 iMT [2020-2021],Rs. 9.52 Lakh,"5,301",Petrol
2017 Hyundai Creta SX Plus 1.6  Petrol,Rs. 7.9 Lakh,"60,199",Petrol
2022 Tata Nexon XZA Plus (O),Rs. 9.23 Lakh,"27,776",Petrol
2022 Tata Harrier XZA Plus Dual Tone,Rs. 16.58 Lakh,"47,199",Diesel
2017 Hyundai Creta 1.6 SX Plus AT Petrol,Rs. 9.32 Lakh,"60,820",Petrol
2021 Tata Nexon XZA Plus (S) Dual tone,Rs. 8.81 Lakh,"50,387",Petrol
2020 Maruti Suzuki Alto 800 Lxi (Airbag) [2012-2015],Rs. 3.27 Lakh,"35,964",Petrol
2018 Ford Ecosport Titanium + 1.5L Ti-VCT AT,Rs. 7.48 Lakh,"30,384",Petrol
2023 Hyundai Verna SX (O) 1.5 Turbo Petrol MT,Rs. 13.95 Lakh,"14,619",Petrol
2021 Jeep Compass 80 Anniversary 1.4 Petrol DCT,Rs. 18.08 Lakh,"26,776",Petrol
2022 Tata Harrier Kaziranga XZA Plus,Rs. 16.58 Lakh,"48,663",Diesel
2015 Volkswagen Polo Highline1.5L (D),Rs. 4.73 Lakh,"70,064",Diesel
2015 Maruti Suzuki Swift VXi,Rs. 4.35 Lakh,"34,770",Petrol
2021 Hyundai Santro Sportz,Rs. 4.21 Lakh,"74,954",Petrol
2023 Hyundai Venue SX 1.2 Petrol,Rs. 9.32 Lakh,"19,380",Petrol
2015 Maruti Suzuki Alto 800 Lxi (Airbag) [2012-2015],Rs. 2.43 Lakh,"43,990",Petrol
2019 MG Hector Sharp 1.5 DCT Petrol [2019-2020],Rs. 12.42 Lakh,"23,227",Petrol
2021 Tata Nexon XM,Rs. 6.05 Lakh,"65,898",Petrol
2022 Tata Punch Creative AMT [2021-2023],Rs. 6.49 Lakh,"30,128",Petrol
2022 Tata Nexon XM (S) [2020-2023],Rs. 7.25 Lakh,"14,210",Petrol
2015 Maruti Suzuki Alto 800 Lxi (Airbag) [2012-2015],Rs. 2.45 Lakh,"42,446",Petrol
2018 Maruti Suzuki DZire VXi AMT,Rs. 5.68 Lakh,"59,782",Petrol
2022 Skoda Slavia Style 1.0L TSI AT,Rs. 13.17 Lakh,"17,156",Petrol
2023 Skoda Slavia Ambition 1.0L TSI AT,Rs. 13 Lakh,"16,000",Petrol
2020 Tata Nexon XZA Plus [2020-2023],Rs. 7 Lakh,"74,876",Petrol
2025 Skoda Slavia Monte Carlo 1.5L TSI DSG,Rs. 17 Lakh,"1,500",Petrol
2016 Hyundai Creta SX Plus 1.6  Petrol,Rs. 7.11 Lakh,"58,085",Petrol
2020 Maruti Suzuki Alto 800 Vxi,Rs. 3.32 Lakh,"13,939",Petrol
2021 Hyundai Grand i10 NIOS Sportz 1.2 Kappa VTVT CNG,Rs. 5.66 Lakh,"71,409",CNG
2021 Kia Sonet HTX 1.0 iMT [2020-2021],Rs. 8.15 Lakh,"25,689",Petrol
2022 Skoda Slavia Style 1.0L TSI MT,Rs. 9.96 Lakh,"74,920",Petrol
2016 Maruti Suzuki Wagon R LXi 1.0 CNG [2019-2020],Rs. 4.07 Lakh,"10,122",CNG
2023 Hyundai Grand i10 NIOS Sportz 1.2 Kappa CNG,Rs. 6.45 Lakh,"36,303",CNG
2021 Hyundai Grand i10 NIOS Sportz 1.2 Kappa VTVT CNG,Rs. 5.45 Lakh,"77,411",CNG
2022 Hyundai Grand i10 NIOS Sportz 1.2 Kappa VTVT CNG,Rs. 6.2 Lakh,"35,933",CNG
2021 Hyundai Venue SX Plus 1.0 Turbo DCT,Rs. 9.28 Lakh,"46,345",Petrol
2021 Hyundai Venue SX Plus 1.0 Turbo DCT,Rs. 9.33 Lakh,"46,896",Petrol
2016 Maruti Suzuki Swift VXi,Rs. 4.35 Lakh,"38,443",Petrol
2021 Renault Kiger RXZ 1.0 Turbo MT,Rs. 6.56 Lakh,"33,903",Petrol
2022 Renault Kiger RXZ Turbo CVT,Rs. 7.98 Lakh,"31,398",Petrol
2022 Kia Sonet HTX 1.5 [2020-2021],Rs. 9.35 Lakh,"20,890",Diesel
2017 Maruti Suzuki Alto 800 LXi,Rs. 2.58 Lakh,"36,359",Petrol
2023 Tata Altroz XZ Plus i-Turbo Petrol,Rs. 7.33 Lakh,"25,154",Petrol
2020 Tata Altroz XE Petrol [2020-2023],Rs. 4.78 Lakh,"33,190",Petrol
2021 Tata Punch Creative Dual Tone [2022-2023],Rs. 6.61 Lakh,"23,475",Petrol
2019 Mercedes-Benz GLE Coupe 43 4MATIC [2017-2019],Rs. 74 Lakh,"30,500",Petrol
2017 Land Rover Discovery Sport HSE Luxury 7-Seater,Rs. 25 Lakh,"92,619",Diesel
2022 Jaguar F-Pace S R-Dynamic 2.0 Diesel [2021-2023],Rs. 49.99 Lakh,"52,112",Diesel
2022 Land Rover Range Rover Velar S R-Dynamic 2.0 Diesel,Rs. 78 Lakh,"12,297",Diesel
2021 Land Rover Discovery Sport SE R-Dynamic,Rs. 45 Lakh,"42,000",Diesel
2018 Land Rover Discovery Sport HSE Luxury 7-Seater,Rs. 26.95 Lakh,"1,15,777",Diesel
2014 Land Rover Range Rover Sport SDV6 S,Rs. 49.75 Lakh,"66,249",Diesel
2024 Mini Cooper S,Rs. 47 Lakh,"9,800",Petrol
2017 Honda WR-V VX MT Petrol,Rs. 5.29 Lakh,"24,500",Petrol
2023 Mercedes-Benz E-Class E 200,Rs. 68.6 Lakh,"30,671",Petrol
2023 Land Rover Range Rover SV 4.4 Petrol LWB,Rs. 3.99 Crore,"3,833",Mild Hybrid(Electric + Petrol)
2014 Toyota Land Cruiser LC 200 VX,Rs. 79.9 Lakh,"1,25,000",Diesel
2021 Toyota Innova Crysta 2.4 Z 7 STR,Rs. 27.5 Lakh,"51,211",Diesel
2014 Toyota Fortuner 3.0 4x2 AT,Rs. 15.2 Lakh,"3,00,500",Diesel
2022 Maruti Suzuki Grand Vitara Zeta Plus Intelligent Hybrid eCVT [2022-2023],Rs. 16.8 Lakh,"68,799",Hybrid (Electric + Petrol)
2024 Hyundai Alcazar Platinum (O) 7 Seater 1.5 Diesel AT,Rs. 19 Lakh,"25,000",Diesel
2024 BMW 7-Series 740i M Sport,Rs. 1.48 Crore,"2,622",Petrol
2024 Kia Sonet GTX Plus 1.5 Diesel AT,Rs. 13.5 Lakh,"9,317",Diesel
2018 Mercedes-Benz GLA 200 d Style,Rs. 21.75 Lakh,"61,800",Diesel
2019 Audi Q3 30 TFSI Premium,Rs. 25 Lakh,"29,000",Petrol
2024 Mercedes-Benz GLC 220d 4MATIC Progressive,Rs. 70 Lakh,"19,800",Diesel
2021 Kia Carnival Prestige 9 STR,Rs. 26.5 Lakh,"67,600",Diesel
2020 BMW X1 sDrive20i xLine,Rs. 28 Lakh,"37,200",Petrol
2016 BMW 5-Series 523i Sedan,Rs. 17 Lakh,"39,900",Petrol
2009 Honda City 1.5 S AT,Rs. 3.5 Lakh,"37,500",Petrol
2014 Audi A6 2.0 TDI Technology Pack,Rs. 10.75 Lakh,"1,20,500",Diesel
2019 Lexus NX 300h Luxury [2017-2020],Rs. 36 Lakh,"60,200",Petrol
2014 Mercedes-Benz B-class B180 CDI,Rs. 10 Lakh,"62,100",Diesel
2017 Hyundai Elite i20 Magna 1.4 AT [2016-2017],Rs. 6.75 Lakh,"26,800",Petrol
2017 Mercedes-Benz C-Class C 200 Avantgarde,Rs. 23.5 Lakh,"39,400",Petrol
2015 Jaguar XF 2.2 Diesel Luxury,Rs. 16.25 Lakh,"46,700",Diesel
2019 Jaguar XE Prestige Diesel,Rs. 21.99 Lakh,"29,064",Diesel
2021 Toyota Glanza G,Rs. 6.45 Lakh,"64,049",Petrol
2020 Volkswagen Tiguan AllSpace 2.0 TSI,Rs. 27 Lakh,"31,307",Petrol
2016 Mercedes-Benz C-Class C 200 Avantgarde,Rs. 19.9 Lakh,"51,000",Petrol
2018 Mercedes-Benz GLE 250 d,Rs. 45 Lakh,"36,000",Diesel
2016 Honda City V Diesel,Rs. 4.9 Lakh,"1,67,000",Diesel
2012 Honda Accord 2.4 AT,Rs. 4.5 Lakh,"97,292",Petrol
2015 Hyundai Verna Fluidic 1.6 VTVT SX,Rs. 5.35 Lakh,"52,078",Petrol
2022 Hyundai Grand i10 NIOS Sportz 1.2 Kappa VTVT CNG,Rs. 6.79 Lakh,"43,604",CNG
2022 Toyota Urban Cruiser Mid Grade AT,Rs. 7.75 Lakh,"25,065",Petrol
2014 Hyundai i20 Asta 1.2,Rs. 4.5 Lakh,"50,145",Petrol
2022 Land Rover Discovery Sport SE R-Dynamic Petrol,Rs. 52 Lakh,"30,982",Petrol
2020 Tata Tiago Revotron XT [2016-2019],Rs. 4.89 Lakh,"33,247",Petrol
2022 Mercedes-Benz S-Class S 350d,Rs. 1.3 Crore,"23,000",Diesel
2021 Kia Sonet HTX 1.0 iMT [2020-2021],Rs. 7.58 Lakh,"76,014",Petrol
2023 Jaguar F-Pace S R-Dynamic 2.0 Diesel [2021-2023],Rs. 60 Lakh,"36,000",Diesel
2022 Tata Nexon EV XZ Plus LUX,Rs. 11 Lakh,"19,100",Electric
2024 Land Rover Range Rover Evoque SE R-Dynamic Diesel,Rs. 58 Lakh,"33,400",Diesel
2020 Nissan Kicks XV Premium Turbo 1.3,Rs. 8.29 Lakh,"11,269",Petrol
2015 Maruti Suzuki S-Cross Delta 1.3,Rs. 5.1 Lakh,"1,12,000",Diesel
2016 BMW 7-Series 730d Sedan,Rs. 36 Lakh,"59,000",Diesel
2019 Jaguar F-Pace Prestige,Rs. 37 Lakh,"55,042",Diesel
2020 Land Rover Discovery Sport SE R-Dynamic,Rs. 48.9 Lakh,"39,052",Diesel
2022 Toyota Innova Crysta G 2.4 7 STR,Rs. 29 Lakh,"63,000",Diesel
2014 BMW 7-Series 730Ld,Rs. 23 Lakh,"50,000",Diesel
2018 Audi Q3 30 TFSI Premium,Rs. 21 Lakh,"64,000",Petrol
2018 Volvo XC60 Inscription [2017-2020],Rs. 35.5 Lakh,"76,000",Diesel
2020 Mercedes-Benz GLE Coupe 43 4MATIC [2017-2019],Rs. 75 Lakh,"30,000",Petrol
2024 Land Rover Range Rover Velar HSE Dynamic 2.0 Diesel,Rs. 76 Lakh,"35,000",Diesel
2019 Tata Nexon XMA Petrol,Rs. 7.25 Lakh,"54,983",Petrol
2023 Tata Tiago XZ Plus [2020-2023],Rs. 6.25 Lakh,"22,890",Petrol
2013 Hyundai i10 Sportz 1.2 AT Kappa2,Rs. 3.4 Lakh,"32,138",Petrol
2017 Toyota Innova Crysta 2.8 GX AT 7 STR [2016-2020],Rs. 16.75 Lakh,"1,17,913",Diesel
2019 Mini Cooper D 3 Door,Rs. 33.5 Lakh,"24,200",Diesel
2015 BMW 3-Series 320d Luxury Line,Rs. 13 Lakh,"42,600",Diesel
2022 Land Rover Discovery Sport SE R-Dynamic Petrol,Rs. 52 Lakh,"31,575",Petrol
2018 Hyundai Elite i20 Asta 1.2 CVT,Rs. 6.5 Lakh,"38,000",Petrol
2016 Honda City VX CVT,Rs. 6.8 Lakh,"79,000",Petrol
2018 Honda City V,Rs. 6.95 Lakh,"37,198",Petrol
2022 Tata Altroz XZ Plus i-Turbo Petrol Dark Edition [2021-2023],Rs. 7.06 Lakh,"35,109",Petrol
2012 Mini Cooper 1.6,Rs. 14 Lakh,"49,300",Petrol
2011 BMW 7-Series 730Ld Sedan,Rs. 19 Lakh,"62,000",Diesel
2016 Volkswagen Ameo Highline1.2L (P) [2016-2018],Rs. 4.5 Lakh,"65,830",Petrol
2018 Audi Q3 30 TDI Premium FWD,Rs. 17 Lakh,"60,000",Diesel
2023 Toyota Innova Hyrcross VX (O) Hybrid 7 STR,Rs. 33 Lakh,"45,000",Hybrid (Electric + Petrol)
2019 Mercedes-Benz GLS 350 d,Rs. 54.95 Lakh,"99,000",Diesel
2015 Mahindra XUV500 W10,Rs. 7.5 Lakh,"94,500",Diesel
2018 BMW X1 sDrive20d xLine,Rs. 22.5 Lakh,"64,758",Diesel
2019 Skoda Superb L&K TSI AT,Rs. 14.9 Lakh,"58,000",Petrol
2019 Volkswagen Polo GT TSI,Rs. 8.65 Lakh,"73,000",Petrol
2019 Maruti Suzuki Vitara Brezza ZDi,Rs. 7.5 Lakh,"84,000",Diesel
2017 Volkswagen Polo Comfortline 1.2L (P),Rs. 3.95 Lakh,"90,621",Petrol
2016 Toyota Innova Crysta 2.4 V Diesel,Rs. 16.25 Lakh,"79,766",Diesel
2021 Tata Safari XZA Plus,Rs. 15.11 Lakh,"1,19,845",Diesel
2019 Mercedes-Benz GLE 250 d,Rs. 41.1 Lakh,"66,100",Diesel
2017 Hyundai Elite i20 Asta 1.2,Rs. 4.85 Lakh,"1,29,000",Petrol
2019 Isuzu MU-X 4x2,Rs. 18.5 Lakh,"1,30,000",Diesel
2021 Maruti Suzuki Celerio ZXi AMT ABS,Rs. 4.8 Lakh,"59,596",Petrol
2019 Hyundai Verna E 1.4 VTVT,Rs. 8.4 Lakh,"22,500",Petrol
2013 Maruti Suzuki Wagon R VXi,Rs. 2.95 Lakh,"73,834",Petrol
2013 Maruti Suzuki Wagon R VXi,Rs. 2.9 Lakh,"57,706",Petrol
2018 Maruti Suzuki Baleno Zeta Automatic,Rs. 6 Lakh,"56,181",Petrol
2021 Mercedes-Benz GLE 300d 4MATIC LWB [2020-2023],Rs. 68.5 Lakh,"56,000",Diesel
2009 BMW 5-Series 525i Sedan,Rs. 7.5 Lakh,"52,500",Petrol
2020 Ford Ecosport Titanium 1.5L TDCi,Rs. 8.2 Lakh,"84,100",Diesel
2015 Hyundai Elite i20 Sportz 1.2 (O),Rs. 4.7 Lakh,"1,11,030",Petrol
2015 Volkswagen Vento Comfortline Diesel AT,Rs. 4.95 Lakh,"1,05,654",Diesel
2023 Tata Tiago XZ Plus CNG [2022-2023],Rs. 6.98 Lakh,"19,585",CNG
2014 Ford Ecosport Titanium 1.5 Ti-VCT AT,Rs. 4.86 Lakh,"75,681",Petrol
2022 Mercedes-Benz E-Class E 220 d Avantgarde,Rs. 62.5 Lakh,"30,500",Diesel
2024 Mercedes-Benz EQS 580 4MATIC,Rs. 1.1 Crore,"2,892",Electric
2014 Audi A6 2.0 TDI Premium Plus,Rs. 10.75 Lakh,"1,20,500",Diesel
2021 Mercedes-Benz GLS 400d 4MATIC [2020-2023],Rs. 87 Lakh,"49,000",Diesel
2010 Honda Jazz Select Edition Old,Rs. 1.9 Lakh,"1,13,000",Petrol
2015 Toyota Etios VXD,Rs. 5.75 Lakh,"72,000",Diesel
2011 Honda Civic 1.8V MT,Rs. 2.5 Lakh,"1,68,212",Petrol
2016 Hyundai Creta E Plus 1.4 CRDI,Rs. 7.99 Lakh,"1,12,000",Diesel
2015 Toyota Innova 2.5 VX BS IV 8 STR,Rs. 10.5 Lakh,"1,49,990",Diesel
2021 Mahindra XUV300 1.2 W6 [2019-2019],Rs. 8.25 Lakh,"23,668",Petrol
2019 Honda Jazz VX CVT Petrol,Rs. 6.3 Lakh,"30,409",Petrol
2018 Volkswagen Vento Highline Plus 1.2 (P) AT 16 Alloy,Rs. 6.75 Lakh,"68,978",Petrol
2014 Ford Ecosport Titanium 1.5 Ti-VCT AT,Rs. 5.5 Lakh,"43,335",Petrol
2017 Maruti Suzuki Baleno Delta 1.2 AT,Rs. 5.25 Lakh,"23,500",Petrol
2021 Hyundai Aura S 1.2 Petrol,Rs. 5.75 Lakh,"34,871",Petrol
2018 Land Rover Discovery Sport HSE 7-Seater,Rs. 29.95 Lakh,"76,000",Diesel
2013 Jaguar XF 2.2 Diesel Luxury,Rs. 12.25 Lakh,"75,000",Diesel
2015 Ford Ecosport Titanium 1.5L Ti-VCT AT,Rs. 5.25 Lakh,"75,000",Petrol
2012 Mahindra XUV500 W8,Rs. 4 Lakh,"89,000",Diesel
2022 Maruti Suzuki Wagon R ZXi 1.2,Rs. 5.25 Lakh,"29,700",Petrol
2011 Honda City 1.5 V AT,Rs. 2.75 Lakh,"75,000",Petrol
2021 Mahindra Marazzo M6 Plus 7 STR [2020],Rs. 9 Lakh,"84,587",Diesel
2024 Mahindra XUV700 AX 7 Diesel AT 7 STR [2023-2024],Rs. 22.5 Lakh,"33,000",Diesel
2018 Maruti Suzuki DZire VXi,Rs. 5.25 Lakh,"85,528",Petrol
2018 Hyundai Santro Asta [2018-2020],Rs. 3.65 Lakh,"74,631",Petrol
2022 Mercedes-Benz GLC 220d 4MATIC Progressive,Rs. 49.9 Lakh,"39,717",Diesel
2010 Mercedes-Benz E-Class E250 CDI BlueEfficiency,Rs. 7.99 Lakh,"69,000",Diesel
2016 Land Rover Discovery Sport SE 7-Seater,Rs. 18.5 Lakh,"1,11,940",Diesel
2024 Jeep Meridian Overland 4x2 AT,Rs. 36 Lakh,"12,000",Diesel
2015 Volkswagen Polo Highline1.2L (P),Rs. 4.5 Lakh,"81,500",Petrol
2019 Hyundai Grand i10 Magna 1.2 Kappa VTVT [2016-2017],Rs. 5.25 Lakh,"60,846",Petrol
2023 Mercedes-Benz EQS 580 4MATIC,Rs. 1.1 Crore,"2,892",Electric
2020 Mahindra NuvoSport N8 AMT,Rs. 6.5 Lakh,"73,756",Diesel
2023 Mercedes-Benz EQE SUV 500 4MATIC,Rs. 80 Lakh,"33,000",Electric
2022 Toyota Urban Cruiser Hyryder V Hybrid [2022-2023],Rs. 15 Lakh,"43,159",Hybrid (Electric + Petrol)
2024 Toyota Urban Cruiser Hyryder V Hybrid [2023-2025],Rs. 20 Lakh,"7,500",Hybrid (Electric + Petrol)
2015 Nissan Terrano XV D THP 110 PS,Rs. 3.6 Lakh,"1,36,559",Diesel
2022 Honda City Hybrid eHEV ZX eHEV,Rs. 15.95 Lakh,"59,957",Hybrid (Electric + Petrol)
2025 Mercedes-Benz GLC 220d 4MATIC,Rs. 72 Lakh,"10,000",Diesel
2023 Mercedes-Benz GLS 400d 4MATIC [2020-2023],Rs. 1.27 Crore,"22,000",Diesel
2022 Hyundai Santro Magna CNG,Rs. 4.98 Lakh,"53,282",CNG
2021 Audi e-tron 55 [2021-2024],Rs. 65 Lakh,"15,664",Electric
2016 BMW X1 sDrive20d Expedition,Rs. 15.5 Lakh,"80,492",Diesel
2022 BMW 7-Series 740 Li M Sport,Rs. 92 Lakh,"42,639",Petrol
2023 Mercedes-Benz A-Class Limousine 200,Rs. 38.5 Lakh,"13,000",Petrol
2024 Tata Tigor XZA Plus iCNG [2024-2025],Rs. 7.5 Lakh,"23,967",CNG
2023 Mercedes-Benz EQB 350 4MATIC,Rs. 60.5 Lakh,"7,000",Electric
2022 Tata Altroz XZA Plus Petrol [2022-2023],Rs. 7.29 Lakh,"24,929",Petrol
2013 Toyota Fortuner 3.0 4x4 MT,Rs. 11.5 Lakh,"2,33,700",Diesel
2013 Toyota Corolla Altis 1.8 G,Rs. 3.75 Lakh,"47,763",Petrol
2021 Maruti Suzuki Baleno Zeta 1.2,Rs. 4.95 Lakh,"1,03,779",Petrol
2013 Toyota Innova 2.5 GX 8 STR BS-IV,Rs. 7.25 Lakh,"1,57,595",Diesel
2016 Land Rover Discovery Sport HSE 7-Seater,Rs. 22.5 Lakh,"43,000",Diesel
2016 Audi A4 35 TDI Premium Plus,Rs. 16.5 Lakh,"47,600",Diesel
2019 Hyundai Creta 1.6 SX Plus AT Petrol,Rs. 9.5 Lakh,"88,450",Petrol
2019 Audi Q3 30 TFSI Premium,Rs. 21 Lakh,"46,000",Petrol
2019 Hyundai Elite i20 Sportz Plus 1.4 CRDi,Rs. 7.15 Lakh,"1,14,308",Diesel
2017 Honda WR-V VX MT Diesel,Rs. 6.75 Lakh,"90,000",Diesel
2019 Hyundai Verna SX (O) 1.6 CRDi,Rs. 11.5 Lakh,"81,383",Diesel
2022 Mercedes-Benz E-Class E 220 d Avantgarde,Rs. 62.5 Lakh,"62,50,000",Diesel
2015 BMW 3 Series GT 320d Luxury Line [2014-2016],Rs. 15.95 Lakh,"85,000",Diesel
2015 Audi A3 35 TDI Premium Plus + Sunroof,Rs. 10.25 Lakh,"1,01,000",Diesel
2017 Audi Q5 3.0 TDI quattro Premium Plus,Rs. 16.5 Lakh,"69,000",Diesel
2011 Hyundai i10 1.2 L Kappa Magna Special Edition,Rs. 2.1 Lakh,"68,000",Petrol
2024 Mercedes-Benz GLS 450d 4MATIC,Rs. 1.51 Crore,"8,000",Diesel
2017 Tata Nexon XZ Plus Diesel Dual Tone,Rs. 7 Lakh,"10,38,000",Diesel
2015 Honda City V,Rs. 5.35 Lakh,"1,52,370",Petrol
2018 Isuzu D-Max V-Cross 4x4,Rs. 14.2 Lakh,"1,16,841",Diesel
2021 Kia Sonet HTX 1.5 [2020-2021],Rs. 10.5 Lakh,"1,11,042",Diesel
2021 MG Hector Sharp 2.0 Diesel Turbo MT,Rs. 13.7 Lakh,"82,000",Diesel
2013 Audi A6 2.0 TDI Premium,Rs. 10.61 Lakh,"90,520",Diesel
2011 Chevrolet Cruze LTZ AT,Rs. 3.5 Lakh,"1,10,000",Diesel
2013 Toyota Innova 2.5 G 8 STR BS-IV,Rs. 6.95 Lakh,"1,03,000",Petrol
2018 Mercedes-Benz GLA 200 d Sport,Rs. 18.75 Lakh,"49,000",Diesel
2025 Mercedes-Benz CLE cabriolet 300 AMG Line,Rs. 1.05 Crore,"1,000",Petrol
2013 Hyundai i10 1.1L iRDE Magna Special Edition,Rs. 2.35 Lakh,"1,12,326",Petrol
2023 Mercedes-Benz E-Class E 220 d Avantgarde,Rs. 70 Lakh,200,Diesel
2020 Toyota Innova Crysta 2.4 V Diesel,Rs. 18.5 Lakh,"2,21,690",Diesel
2022 Toyota Glanza V AMT [2022-2023],Rs. 7 Lakh,"70,169",Petrol
2016 Toyota Etios VXD Xclusive,Rs. 6.5 Lakh,"1,49,850",Diesel
2021 Volkswagen Taigun Highline 1.0 TSI AT,Rs. 10.7 Lakh,"30,824",Petrol
2014 BMW 3 Series GT 320d Sport Line [2014-2016],Rs. 16 Lakh,"82,591",Diesel
2020 Mercedes-Benz GLE 300d 4MATIC LWB [2020-2023],Rs. 65 Lakh,"57,019",Diesel
2019 Audi Q3 2.0 TDI quattro Premium Plus,Rs. 23 Lakh,"77,359",Diesel
2025 Mercedes-Benz EQS SUV 450 5 Seater,Rs. 1.22 Crore,"3,000",Electric
2020 Toyota Urban Cruiser Premium Grade MT,Rs. 6.7 Lakh,"91,580",Petrol
2014 Honda City 1.5 S MT,Rs. 4.25 Lakh,"1,03,543",Petrol
2021 Skoda Kushaq Ambition 1.0L TSI AT,Rs. 10.95 Lakh,"89,650",Petrol
2025 Hyundai Exter SX 1.2 AMT Knight Edition,Rs. 8.5 Lakh,"12,200",Petrol
2024 Audi Q7 Bold Edition,Rs. 80 Lakh,"4,500",Petrol
2017 Maruti Suzuki Ignis Zeta 1.2 AMT,Rs. 4.85 Lakh,"64,123",Petrol
2021 Mahindra Bolero N10 (O),Rs. 9 Lakh,"41,735",Diesel
2013 Toyota Fortuner 3.0 4x4 MT,Rs. 12.5 Lakh,"1,75,351",Diesel
2022 Renault Kiger RXZ Turbo CVT,Rs. 8.03 Lakh,"29,807",Petrol
2024 Mercedes-Benz C-Class C 300,Rs. 70 Lakh,"1,108",Mild Hybrid(Electric + Petrol)
2024 Mercedes-Benz GLE 450 4MATIC LWB [2020-2023],Rs. 1.2 Crore,"9,434",Petrol
2021 Kia Sonet HTX 1.0 iMT [2020-2021],Rs. 7.64 Lakh,"58,681",Petrol
2018 Jeep Compass Limited 2.0 Diesel [2017-2020],Rs. 8.75 Lakh,"78,334",Diesel
2019 Maruti Suzuki Vitara Brezza ZDi Plus,Rs. 8.1 Lakh,"1,12,700",Diesel
2016 Toyota Innova Crysta 2.8 ZX AT 7 STR [2016-2020],Rs. 15.5 Lakh,"2,59,843",Diesel
2018 Maruti Suzuki Swift VXi AMT [2018-2019],Rs. 5.55 Lakh,"75,000",Petrol
2012 Toyota Fortuner 3.0 4x2 MT,Rs. 11.45 Lakh,"1,97,000",Diesel
2022 Hyundai Creta S Plus 1.5 Diesel Knight,Rs. 15.5 Lakh,"92,542",Diesel
2021 Tata Safari XT Plus,Rs. 14.2 Lakh,"51,243",Diesel
2018 Hyundai Grand i10 Sportz (O) 1.2 Kappa VTVT [2017-2018],Rs. 4.65 Lakh,"57,000",Petrol + 1
2010 Toyota Corolla Altis 1.8 G,Rs. 2.75 Lakh,"1,00,050",Petrol + 1
2018 Audi Q3 30 TDI Premium FWD,Rs. 18.5 Lakh,"78,798",Diesel
2024 Mercedes-Benz GLA 220d [2021-2023],Rs. 47 Lakh,"15,900",Diesel
2024 Mercedes-Benz GLE 450 4MATIC LWB [2020-2023],Rs. 96 Lakh,"10,911",Petrol
2023 Volkswagen Virtus Topline 1.0 TSI AT,Rs. 13.75 Lakh,"32,424",Petrol
2023 Mercedes-Benz EQB 350 4MATIC,Rs. 46 Lakh,"32,000",Electric
2024 Mercedes-Benz EQA 250 Plus,Rs. 41 Lakh,"21,000",Electric
2023 Hyundai Aura SX 1.2 CNG,Rs. 7.1 Lakh,"57,000",CNG
2019 BMW X3 xDrive 20d Luxury Line [2018-2020],Rs. 34 Lakh,"55,154",Diesel
2016 BMW 3 Series GT 320d Luxury Line [2014-2016],Rs. 17.9 Lakh,"77,858",Diesel
2022 BMW X1 sDrive20d xLine,Rs. 39 Lakh,"23,236",Diesel
2014 Honda Amaze 1.2 S i-VTEC,Rs. 3.1 Lakh,"83,849",Petrol
2024 Mercedes-Benz AMG GLC 43 Coupe 4MATIC,Rs. 1.2 Crore,"7,199",Petrol
2020 Volkswagen Polo Comfortline Plus 1.0L MPI,Rs. 5.75 Lakh,"75,384",Petrol
2021 Skoda Kushaq Style 1.5L TSI DSG (6 Airbags),Rs. 15 Lakh,"32,700",Petrol
2022 Kia Sonet HTX 1.0 iMT [2020-2021],Rs. 8.62 Lakh,"18,508",Petrol
2024 Mercedes-Benz C-Class C 220d [2022-2023],Rs. 55 Lakh,"10,500",Diesel
2012 Mini Cooper S 3 Door [2018-2020],Rs. 14 Lakh,"49,300",Petrol
2019 Mercedes-Benz GLA 200d Urban Edition,Rs. 20.5 Lakh,"60,000",Diesel
2024 Audi A6 Technology 45 TFSI [2019-2024],Rs. 54 Lakh,"9,000",Petrol
2023 Tata Tigor XZA Plus [2020-2023],Rs. 7.9 Lakh,"11,021",Petrol
2024 Audi Q3 Sportback Technology,Rs. 41 Lakh,"17,000",Petrol
2023 Tata Tigor XZ Plus Leatherette Pack,Rs. 7.75 Lakh,126,Petrol
2024 Tata Altroz Racer R3,Rs. 10.99 Lakh,"3,520",Petrol
2025 Skoda kylaq Prestige AT,Rs. 13.6 Lakh,"8,343",Petrol
2023 Tata Altroz XZ iCNG,Rs. 9.25 Lakh,"19,234",CNG
2024 Audi Q7 Technology 55 TFSI,Rs. 80 Lakh,"4,500",Petrol
2024 Audi Q5 Technology 45 TFSI [2021-2024],Rs. 54 Lakh,"11,000",Petrol
2023 Mercedes-Benz EQE SUV 500 4MATIC,Rs. 80 Lakh,"32,227",Electric
2024 Mercedes-Benz GLS 450 4MATIC,Rs. 1.46 Crore,"7,635",Petrol
2024 Mercedes-Benz E-Class E 220 d Avantgarde,Rs. 90 Lakh,"9,852",Diesel
2018 Toyota Innova Crysta 2.4 G 8 STR [2016-2017],Rs. 15.59 Lakh,"58,000",Diesel
2018 BMW X3 xDrive 20d Luxury Line [2018-2020],Rs. 34 Lakh,"55,154",Diesel
2018 Toyota Innova Crysta 2.8 ZX AT 7 STR [2016-2020],Rs. 20.65 Lakh,"67,000",Diesel
2025 Mercedes-Benz GLE 450 4MATIC LWB,Rs. 98 Lakh,"5,500",Mild Hybrid(Electric + Petrol)
2020 Kia Sonet GTX Plus 1.0 iMT [2020-2021],Rs. 8.7 Lakh,"28,249",Petrol
2020 Kia Seltos HTX 1.5 [2020-2021],Rs. 11.14 Lakh,"22,101",Petrol
2024 Hyundai Grand i10 NIOS Sportz 1.2 Kappa AMT,Rs. 6.72 Lakh,"29,763",Petrol
2022 Tata Punch Accomplished MT [2021-2023],Rs. 6.35 Lakh,"37,221",Petrol
2022 Renault Kiger RXZ Turbo CVT,Rs. 8.02 Lakh,"21,818",Petrol
2021 Tata Nexon XZA Plus (O) Diesel,Rs. 10.06 Lakh,"24,174",Diesel
2022 Hyundai Grand i10 NIOS Sportz 1.2 Kappa VTVT CNG,Rs. 5.92 Lakh,"48,261",CNG
2021 Kia Sonet GTX Plus 1.5 AT [2020-2021],Rs. 11.09 Lakh,"41,684",Diesel
2023 Tata Altroz XZA Plus Petrol [2022-2023],Rs. 7.74 Lakh,"29,955",Petrol
2018 Tata Nexon XZ Plus,Rs. 6.1 Lakh,"60,721",Petrol
2015 Maruti Suzuki Alto 800 Lxi (Airbag) [2012-2015],Rs. 2.46 Lakh,"39,373",Petrol
2021 Kia Sonet HTX 1.0 iMT [2020-2021],Rs. 8.12 Lakh,"23,941",Petrol
2023 Tata Nexon XZA Plus (S),Rs. 9.92 Lakh,"23,037",Petrol
2022 Tata Harrier XZA Plus,Rs. 15.83 Lakh,"58,911",Diesel
2019 Maruti Suzuki Swift VXi AMT,Rs. 5.84 Lakh,"31,668",Petrol
2021 Maruti Suzuki Wagon R LXi (O) 1.0 CNG,Rs. 5.75 Lakh,"80,378",CNG
2009 Hyundai Santro GL,Rs. 1.25 Lakh,"1,11,042",Petrol
2022 Tata Nexon XZA Plus Kaziranga,Rs. 10.39 Lakh,"33,274",Petrol
2021 Ford Ecosport S Petrol [2019-2020],Rs. 9.29 Lakh,"9,489",Petrol
2019 Hyundai Grand i10 NIOS Asta 1.2 Kappa VTVT,Rs. 5.56 Lakh,"32,512",Petrol
2013 Maruti Suzuki Swift DZire ZXI,Rs. 4.21 Lakh,"67,687",Petrol
2023 Tata Tigor XZA Plus [2020-2023],Rs. 7.09 Lakh,"21,290",Petrol
2016 Volkswagen Polo Comfortline 1.2L (P),Rs. 4.78 Lakh,"22,096",Petrol
2022 Tata Harrier XZA Plus Dark Edition,Rs. 17.42 Lakh,"31,451",Diesel
2017 Maruti Suzuki Ciaz ZXI+,Rs. 5.91 Lakh,"66,663",Petrol
2023 Tata Punch Accomplished MT [2021-2023],Rs. 6.8 Lakh,"18,872",Petrol
2023 Tata Altroz XM Plus Petrol,Rs. 5.97 Lakh,"27,961",Petrol
2022 Tata Harrier XZA Plus Dark Edition,Rs. 17.17 Lakh,"31,451",Diesel
2023 Hyundai Venue SX 1.2 Petrol,Rs. 8.98 Lakh,"20,145",Petrol
2019 Hyundai Creta SX 1.6 AT Petrol,Rs. 11.86 Lakh,"52,692",Petrol
2022 Tata Harrier Kaziranga XZA Plus,Rs. 16.58 Lakh,"48,678",Diesel
2022 Tata Nexon XZ Plus (S) [2022-2023],Rs. 9.25 Lakh,"29,030",Petrol
2023 Maruti Suzuki Wagon R ZXI Plus 1.2 AGS [2023-2025],Rs. 6.12 Lakh,"22,661",Petrol
2023 Maruti Suzuki Alto K10 VXi [2023-2024],Rs. 4.81 Lakh,"21,192",Petrol
2023 Tata Nexon Creative Plus 1.2 Petrol 6AMT [2023-2025],Rs. 10.2 Lakh,"3,381",Petrol
2019 Honda WR-V VX MT Petrol,Rs. 6.77 Lakh,"40,889",Petrol
2017 Maruti Suzuki DZire VXi,Rs. 5.29 Lakh,"27,155",Petrol
2014 Honda City VX Petrol CVT [2023-2025],Rs. 5.61 Lakh,"61,452",Petrol
2024 Hyundai Venue S (O) Plus 1.2 Petrol,Rs. 8.81 Lakh,"9,765",Petrol
2019 Kia Seltos GTX Plus 1.4 DCT,Rs. 12.67 Lakh,"34,921",Petrol
2023 Mahindra Thar LX Hard Top Diesel MT 4WD,Rs. 13.34 Lakh,"48,180",Diesel
2023 Hyundai Verna SX (O) 1.5 Turbo Petrol DCT,Rs. 14.23 Lakh,"47,021",Petrol
2019 Hyundai Verna EX 1.4 VTVT,Rs. 7.52 Lakh,"18,656",Petrol
2024 Tata Altroz Racer R3,Rs. 9.32 Lakh,"4,716",Petrol
2022 Kia Sonet HTX 1.0 iMT [2020-2021],Rs. 8.72 Lakh,"33,286",Petrol
2022 Tata Nexon XZA Plus (Premium) Jet,Rs. 9.6 Lakh,"19,016",Petrol
Name,Price,Kilometers,Fuel
2017 Renault Duster RXS CVT,Rs. 6.99 Lakh,"63,272",Petrol
2018 Maruti Suzuki Baleno Alpha Automatic,Rs. 6.95 Lakh,"53,378",Petrol
2023 Hyundai Venue SX (O) 1.0 Turbo DCT,Rs. 12.95 Lakh,"8,314",Petrol
2021 Mahindra Thar LX Hard Top Diesel AT 4WD [2023],Rs. 14.25 Lakh,"44,736",Diesel
2023 Mahindra Thar LX Hard Top Diesel AT 4WD [2023],Rs. 16.31 Lakh,"13,498",Diesel
2023 Mahindra XUV700 AX 7 Petrol AT Luxury Pack 7 STR [2021],Rs. 20.49 Lakh,"26,097",Petrol
2022 Jeep Compass Model S (O) Diesel 4x4 AT,Rs. 23.49 Lakh,"48,606",Diesel
2020 Tata Nexon XM,Rs. 7.95 Lakh,"17,763",Petrol
2023 Kia Seltos GTX Plus 1.5 Turbo Petrol DCT [2023-2024],Rs. 18.5 Lakh,"21,571",Petrol
2016 Maruti Suzuki Swift ZXi,Rs. 5.85 Lakh,"64,078",Petrol
2021 MG Hector Sharp 2.0 Diesel [2019-2020],Rs. 15.75 Lakh,"42,196",Diesel
2022 Mahindra XUV700 AX7 Luxury Pack 2WD Diesel 2.2L Turbo Automatic 7 STR,Rs. 21.75 Lakh,"50,315",Diesel
2017 Mahindra XUV500 W8 AT [2015-2017],Rs. 10.95 Lakh,"70,788",Diesel
2019 Maruti Suzuki Vitara Brezza ZDi Plus,Rs. 9.5 Lakh,"47,909",Diesel
2022 Volkswagen Taigun GT Plus 1.5 TSI DSG,Rs. 15.95 Lakh,"56,222",Petrol
2022 Mahindra XUV700 AX7 Luxury Pack 2WD Diesel 2.2L Turbo Automatic 7 STR,Rs. 22.75 Lakh,"35,787",Diesel
2020 BMW X1 sDrive20d xLine,Rs. 30.99 Lakh,"42,512",Diesel
2021 Volkswagen Taigun Topline 1.0 TSI MT,Rs. 12.5 Lakh,"22,721",Petrol
2021 Tata Harrier XT Plus,Rs. 16.99 Lakh,"29,899",Diesel
2022 Hyundai Venue S 1.2 Petrol,Rs. 7.99 Lakh,"26,292",Petrol
2018 BMW X1 sDrive20d xLine,Rs. 26.75 Lakh,"36,620",Diesel
2021 BMW 3-Series 330i M Sport Edition,Rs. 39 Lakh,"46,780",Petrol
2016 BMW 3-Series 320d Luxury Line,Rs. 21.5 Lakh,"55,800",Diesel
2016 BMW 5-Series 520d Luxury Line [2017-2019],Rs. 25.95 Lakh,"54,000",Diesel
2018 Hyundai Creta SX 1.6 AT Petrol,Rs. 10.5 Lakh,"72,874",Petrol
2023 Hyundai Venue N Line N6 MT,Rs. 11.99 Lakh,"7,348",Petrol
2018 Honda BR-V V CVT Petrol,Rs. 9.11 Lakh,"20,909",Petrol
2022 Maruti Suzuki S-Cross Zeta,Rs. 9.49 Lakh,"35,410",Petrol
2016 Hyundai Creta 1.6 S Petrol,Rs. 7.69 Lakh,"71,260",Petrol
2015 Hyundai i20 Active 1.2 S,Rs. 5.49 Lakh,"31,514",Petrol
2021 Skoda Kushaq Style 1.5L TSI DSG (6 Airbags),Rs. 14.89 Lakh,"40,859",Petrol
2020 Hyundai Grand i10 NIOS Asta AMT 1.2 Kappa VTVT,Rs. 6.35 Lakh,"51,217",Petrol
2023 Kia Seltos GTX Plus (S) 1.5 Turbo Petrol DCT [2023-2024],Rs. 18.95 Lakh,"3,182",Petrol
2023 Kia Seltos GTX Plus 1.5 Diesel AT,Rs. 19.49 Lakh,"17,466",Diesel
2023 Kia Seltos GTX Plus 1.5 Diesel AT,Rs. 19.49 Lakh,"24,885",Diesel
2023 Mahindra Thar LX Hard Top Petrol AT RWD,Rs. 13.95 Lakh,"24,120",Petrol
2018 Mahindra XUV500 W11 AT,Rs. 13.95 Lakh,"85,713",Diesel
2021 Hyundai Elite i20 Asta 1.2 IVT,Rs. 8.25 Lakh,"31,954",Petrol
2021 Hyundai Elite i20 Sportz 1.2 MT [2020-2023],Rs. 7.89 Lakh,"27,150",Petrol
2022 Kia Seltos HTX IVT 1.5 [2019-2020],Rs. 13.43 Lakh,"22,602",Petrol
2020 Kia Seltos GTX Plus 1.4 [2020-2021],Rs. 11.71 Lakh,"60,517",Petrol
2023 Jeep Compass Limited (O) 2.0 Diesel 4x4 AT [2021],Rs. 28.75 Lakh,"19,189",Diesel
2016 Volkswagen Polo GT TSI,Rs. 8.75 Lakh,"29,519",Petrol
2023 MG Hector Plus Savvy Pro 1.5 Turbo Petrol CVT 6 STR,Rs. 19.49 Lakh,"29,981",Petrol
2022 BMW 3-Series 330i M Sport Dark,Rs. 42 Lakh,"43,542",Petrol
2020 Volkswagen Polo Highline Plus 1.0L TSI,Rs. 8.75 Lakh,"49,158",Petrol
2021 Hyundai i20 N Line N8 1.0 Turbo DCT,Rs. 9.35 Lakh,"35,263",Petrol
2018 Renault Duster RXS CVT,Rs. 7.75 Lakh,"57,077",Petrol
2019 Mercedes-Benz GLC 300 Progressive,Rs. 34.5 Lakh,"55,800",Petrol
2024 Kia Seltos HTX 1.5 IVT,Rs. 14.99 Lakh,"49,138",Petrol
2014 Mercedes-Benz GL-Class 350 CDI,Rs. 34.99 Lakh,"21,479",Diesel
2019 Audi Q3 35 TDI quattro Technology,Rs. 28.95 Lakh,"52,153",Diesel
2022 Mercedes-Benz GLC 220d 4MATIC Progressive,Rs. 54.75 Lakh,"31,472",Diesel
2018 BMW X5 xDrive 30d,Rs. 44.75 Lakh,"52,800",Diesel
2015 Honda City VX Diesel,Rs. 6.75 Lakh,"1,00,827",Diesel
2015 Hyundai Elantra 1.6 SX MT,Rs. 7.99 Lakh,"77,389",Diesel
2024 Mercedes-Benz GLS 450d 4MATIC,Rs. 1.42 Crore,"11,652",Diesel
2019 Audi Q3 35 TDI quattro Technology,Rs. 21.95 Lakh,"89,085",Diesel
2021 Mercedes-Benz C-Class C 220d [2022-2023],Rs. 31.75 Lakh,"42,380",Diesel
2015 Toyota Corolla Altis GL Petrol,Rs. 6.99 Lakh,"72,314",Petrol
2025 MG Astor Sharp Pro 1.5 CVT (Ivory),Rs. 14.5 Lakh,"9,712",Petrol
2021 Hyundai Grand i10 NIOS Asta 1.2 Kappa VTVT,Rs. 6.45 Lakh,"30,499",Petrol
2022 Volkswagen Virtus Highline 1.0 TSI MT,Rs. 10.85 Lakh,"33,987",Petrol
2021 Kia Seltos HTX 1.5 [2020-2021],Rs. 11.99 Lakh,"54,809",Petrol
2023 Maruti Suzuki Grand Vitara Sigma Smart Hybrid [2023-2025],Rs. 11.5 Lakh,"23,210",Petrol
2021 Hyundai Elite i20 Sportz 1.2 IVT Dual Tone,Rs. 7.45 Lakh,"18,452",Petrol
2020 Hyundai Creta SX 1.5 Petrol CVT [2020-2022],Rs. 13.95 Lakh,"27,709",Petrol
2016 Maruti Suzuki Baleno Delta 1.2,Rs. 5.45 Lakh,"31,582",Petrol
2023 Kia Seltos HTX 1.5 IVT,Rs. 16.5 Lakh,"19,886",Petrol
2023 Kia Seltos GTX Plus 1.5 Turbo Petrol DCT [2023-2024],Rs. 18.45 Lakh,"21,759",Petrol
2019 Kia Seltos HTK Plus 1.5 Diesel [2019-2020],Rs. 12.65 Lakh,"62,930",Diesel
2021 Skoda Kushaq Ambition 1.0L TSI AT,Rs. 12.5 Lakh,"34,843",Petrol
2023 Skoda Slavia Style 1.0L TSI MT,Rs. 13.75 Lakh,"32,853",Petrol
2021 Tata Harrier XZA Plus,Rs. 14.9 Lakh,"45,000",Diesel
2023 Skoda Slavia Style 1.0L TSI AT,Rs. 15.65 Lakh,"7,540",Petrol
2016 Ford Ecosport Titanium+ 1.0L EcoBoost,Rs. 5.95 Lakh,"99,790",Petrol
2023 Mercedes-Benz G-Class AMG G 63 Grand Edition,Rs. 3.33 Crore,"18,000",Petrol
2020 Mercedes-Benz GLS 400d 4MATIC [2020-2023],Rs. 82.5 Lakh,"77,000",Diesel
2015 Volkswagen Polo Highline1.2L (P),Rs. 5.75 Lakh,"41,585",Petrol
2017 Honda Jazz V Petrol,Rs. 5.75 Lakh,"45,512",Petrol
2024 Mahindra XUV700 AX7 Luxury Pack 2WD Petrol 2.0L Turbo Automatic 7 STR,Rs. 23.75 Lakh,"21,726",Petrol
2023 Tata Nexon Creative Plus (S) 1.2 6AMT,Rs. 11.85 Lakh,"17,533",Petrol
2017 Honda Jazz V Petrol,Rs. 4.99 Lakh,"65,376",Petrol
2019 Hyundai Santro Sportz AMT [2018-2020],Rs. 5.5 Lakh,"22,835",Petrol
2019 Skoda Kodiaq Style 2.0 TDI 4x4 AT,Rs. 27.5 Lakh,"55,836",Diesel
2015 Renault Duster RxL Petrol,Rs. 5.65 Lakh,"40,368",Petrol
2018 Skoda Octavia 1.8 TSI L&K,Rs. 18.45 Lakh,"48,692",Petrol
2021 Tata Safari XZA Plus,Rs. 17.99 Lakh,"47,550",Diesel
2022 Hyundai Creta SX 1.5 Petrol,Rs. 13.45 Lakh,"37,348",Petrol
2016 Mercedes-Benz CLA 200 CDI Sport,Rs. 20.75 Lakh,"34,160",Diesel
2018 Honda Jazz V CVT Petrol,Rs. 6.75 Lakh,"37,109",Petrol
2021 Land Rover Range Rover Velar S R-Dynamic 2.0 Petrol,Rs. 69.95 Lakh,"8,788",Petrol
2012 Hyundai i20 Magna (O) 1.4 CRDI,Rs. 3.75 Lakh,"54,997",Diesel
2022 BMW 3 Series Gran Limousine 330Li Luxury Line,Rs. 43 Lakh,"31,780",Petrol
2023 Hyundai Grand i10 NIOS Sportz 1.2 Kappa VTVT,Rs. 6.75 Lakh,"30,066",Petrol
2022 BMW X1 sDrive20i SportX,Rs. 33.5 Lakh,"15,000",Petrol
2015 Mercedes-Benz GLA 45 AMG,Rs. 32 Lakh,"33,000",Petrol
2019 Toyota Fortuner 2.8 4x4 AT,Rs. 31.5 Lakh,"99,000",Diesel
2014 Maruti Suzuki Celerio VXi AMT,Rs. 3.71 Lakh,"60,872",Petrol
2018 Maruti Suzuki Baleno Zeta Automatic,Rs. 6 Lakh,"48,162",Petrol
2022 Hyundai Venue S Plus 1.5 CRDi,Rs. 9.1 Lakh,"85,000",Diesel
2023 Hyundai Alcazar Signature (O) 7 Seater 1.5 Diesel AT,Rs. 21 Lakh,"15,000",Diesel
2023 Kia Carens Prestige Plus 1.4 Petrol DCT 7 STR,Rs. 18.95 Lakh,700,Petrol
2017 Skoda Rapid Style 1.5 TDI AT,Rs. 10 Lakh,"72,576",Diesel
2018 Mini Countryman Cooper S JCW Inspired,Rs. 29.75 Lakh,"30,000",Petrol
2017 Mercedes-Benz E-Class E 350 d Exclusive [2017-2019],Rs. 27 Lakh,"1,30,000",Diesel
2016 Mercedes-Benz GLE 350 d,Rs. 35 Lakh,"1,10,000",Diesel
2023 Hyundai Elite i20 Asta (O) 1.2 MT,Rs. 8.8 Lakh,"20,000",Petrol
2022 Hyundai Alcazar Signature (O) 6 STR 1.5 Diesel AT,Rs. 16.5 Lakh,"60,000",Diesel
2022 Toyota Fortuner 2.8 4x2 AT [2016-2020],Rs. 39 Lakh,"1,40,000",Diesel
2017 Hyundai Grand i10 Sportz 1.2 Kappa VTVT Dual Tone,Rs. 4.85 Lakh,"60,000",Petrol
2023 Maruti Suzuki Swift ZXi,Rs. 7 Lakh,"14,566",Petrol
2017 Ford Ecosport Titanium 1.5L Ti-VCT Black Edition AT,Rs. 6.92 Lakh,"41,344",Petrol
2017 Land Rover Range Rover Evoque HSE Dynamic,Rs. 30.75 Lakh,"97,000",Diesel
2021 MG Gloster Savvy 6 STR 2.0 Twin Turbo 4WD,Rs. 23 Lakh,"88,000",Diesel
2021 Tata Nexon EV XZ Plus,Rs. 8.3 Lakh,"47,000",Electric
2018 Honda City V,Rs. 7 Lakh,"30,000",Petrol
2013 Jaguar XF 2.2 Diesel,Rs. 16.5 Lakh,"27,000",Diesel
2023 Jeep Meridian Limited (O) 4X4 AT [2022],Rs. 24.9 Lakh,"88,000",Diesel
2016 Tata Tiago Revotron XM [2016-2019],Rs. 3.85 Lakh,"56,433",Petrol
